Url,Title,Object_price,Object_currency,LivingSpace,Rooms,ConstructionYear,ZipCode,EstateTypeGerman,DistributionTypeGerman,EstateType,DistributionType,abstellraum,als_ferienimmobilie_geeignet,altbau_(bis_1945),bad/wc_getrennt,balkon,barriefrei,block,carport,dachgeschoss,denkmalgeschuetzt,dielen,dsl,duplex,dusche,einbauk\u00fcche,elektro,erdgeschoss,erstbezug,estrich,etagenheizung,fenster,fern,ferne,fliesen,fluessiggas,frei,fu\u00dfbodenheizung,gaestewc,garage,garten,gartennutzung,gas,gepflegt,haustiere_erlaubt,holzfenster,kable_sat_tv,kamera,kamin,kapitalanlage,kelleranteil,kfw40,kfw55,kfw70,kontrollierte_be-_und_entl\u00fcftungsanlage,kunststoff,kunststofffenster,laminat,linoleum,loggia,luftwp,massivhaus,moebliert,neubau,neuwertig,oel,offene_k\u00fcche,pantry,parkett,pellet,personenaufzug,provisionsfrei,reinigung,renoviert,renovierungsbed\u00fcrftig,rollstuhlgerecht,sat,sauna,souterrain,speisekammer,stein,stellplatz,teilweise_m\u00f6bliert,teppich,terrasse,tiefgarage,vermietet,vollerschlossen,wanne,wasch_trockenraum,wg_geeignet,wintergarten,zentralheizung
https://www.immowelt.de/expose/2ar9w55,Ried 67.5 - OPTIMAL,536000,EUR,99.34,4,,97230,WOHNUNG,ZUM_KAUF,APARTMENT,BUY,0,0,0,0,0,0,0,0,0,0,0,0,0,0,0,0,0,1,0,0,0,0,0,0,0,0,1,1,0,0,0,0,0,0,0,0,0,0,0,1,0,0,0,0,0,0,0,0,0,1,0,0,0,0,0,0,0,0,0,1,1,0,0,0,0,0,0,0,0,0,0,0,0,1,0,0,0,0,0,0,0,0
https://www.immowelt.de/expose/2aaaw55,Ried 67.6 - PASSEND,556000,EUR,101.21,4,,97230,WOHNUNG,ZUM_KAUF,APARTMENT,BUY,0,0,0,0,0,0,0,0,0,0,0,0,0,0,0,0,0,1,0,0,0,0,0,0,0,0,1,1,0,0,0,0,0,0,0,0,0,0,0,1,0,0,0,0,0,0,0,0,0,1,0,0,0,0,0,0,0,0,0,1,1,0,0,0,0,0,0,0,0,0,0,0,0,1,0,0,0,0,0,0,0,0
https://www.immowelt.de/expose/2agdg5f,++2- Zi. ETW mit ca. 53m\u00b2 in W\u00fcrzburg-Gromb\u00fchl sucht neuen Eigent\u00fcmer++,220000,EUR,53,2,1971.0,97080,WOHNUNG,ZUM_KAUF,APARTMENT,BUY,0,0,0,0,1,0,0,0,0,0,0,0,0,0,1,0,0,0,0,0,1,0,0,0,0,0,0,0,0,0,0,1,1,0,0,0,0,0,0,0,0,0,0,0,0,0,1,0,0,0,0,0,0,0,0,0,0,0,0,0,0,0,0,0,0,0,0,0,0,0,0,0,0,0,0,0,0,1,0,0,0,1
https://www.immowelt.de/expose/2ak8w55,Ried 67.1 - IDEAL,645000,EUR,117.96,4,,97230,WOHNUNG,ZUM_KAUF,APARTMENT,BUY,0,0,0,0,0,0,0,0,0,0,0,0,0,0,0,0,0,1,0,0,0,0,0,0,0,0,1,1,0,0,0,0,0,0,0,0,0,0,0,1,0,0,0,0,0,0,0,0,0,1,0,0,0,0,0,0,0,0,0,1,1,0,0,0,0,0,0,0,0,0,0,0,0,1,0,0,0,0,0,0,0,0
https://www.immowelt.de/expose/27zeu5l,"Sehr gepflegte 3Zi-ETW N\u00e4he Uni-Klinik, gut vermietet,ideales Renditeobjekt! \keine K\u00e4uferprovision\. ",269000,EUR,70,3,1968.0,97078,WOHNUNG,ZUM_KAUF,APARTMENT,BUY,0,0,0,0,1,0,0,0,0,0,0,1,0,0,1,0,1,0,0,0,0,0,0,1,0,0,0,0,0,0,0,1,1,0,0,1,0,0,0,1,0,0,0,0,0,1,1,0,0,0,0,0,0,0,0,0,0,0,0,1,1,0,0,0,0,0,0,0,0,0,0,1,0,0,1,1,0,1,0,1,0,1
https://www.immowelt.de/expose/2aw6n5h,City-Apartment als Anlageobjekt,169000,EUR,33.51,1,1983.0,97072,WOHNUNG,ZUM_KAUF,APARTMENT,BUY,0,0,0,0,0,0,0,0,0,0,0,0,0,0,0,0,0,0,0,1,0,0,0,0,0,0,0,0,0,0,0,1,0,0,0,0,0,0,0,1,0,0,0,0,0,0,0,0,0,0,0,0,0,0,0,0,0,0,0,0,0,0,0,0,0,0,0,0,0,0,0,0,0,0,0,0,0,0,1,0,0,0
https://www.immowelt.de/expose/2agfd5j,Gepflegte Eigentumswohnung mit Balkon,275000,EUR,65.45,2,1958.0,97072,WOHNUNG,ZUM_KAUF,APARTMENT,BUY,0,0,0,0,0,0,0,0,0,0,0,0,0,0,0,0,0,0,0,1,0,0,0,0,0,0,0,0,0,0,0,1,1,0,0,0,0,0,0,0,0,0,0,0,0,0,0,0,0,0,0,0,0,0,0,0,0,0,0,0,0,0,0,0,0,0,0,0,0,0,0,0,0,0,0,0,0,0,0,0,0,0
https://www.immowelt.de/expose/2adma5q,"Super Wohnung f\u00fcr Anleger und Eigennutzer - Seniorengerecht, hell, ruhig mit Balkon, TG-Stellplatz und herrlichem Weitblick - Veitsh\u00f6chheim",239000,EUR,79.5,3,1977.0,97209,WOHNUNG,ZUM_KAUF,APARTMENT,BUY,1,0,0,0,1,0,0,0,0,0,0,1,0,1,1,0,0,0,0,0,1,0,1,0,0,1,0,0,0,0,0,1,0,0,0,1,0,0,0,1,0,0,0,0,0,1,0,0,0,0,0,0,0,0,0,0,0,1,0,1,0,0,0,0,0,0,0,0,0,0,0,0,0,0,1,0,0,0,0,0,0,1
https://www.immowelt.de/expose/2at3n5h,Moderne Wohnung mit Tageslichtbad und Einbauk\u00fcche,249000,EUR,52.6,2,1983.0,97072,WOHNUNG,ZUM_KAUF,APARTMENT,BUY,0,0,0,0,0,0,0,0,0,0,0,0,0,0,0,0,1,0,0,1,0,0,0,0,0,0,0,0,0,0,0,1,0,0,0,0,0,0,0,1,0,0,0,0,0,0,0,0,0,0,0,0,0,0,0,0,0,0,0,0,0,0,0,0,0,0,0,0,0,0,0,0,0,0,0,0,0,0,1,0,0,0
https://www.immowelt.de/expose/2al9z5p,Familientraum mit Aussicht,249000,EUR,82,4,1973.0,97209,WOHNUNG,ZUM_KAUF,APARTMENT,BUY,0,0,0,0,0,0,0,0,0,0,0,0,0,0,0,0,0,0,0,0,0,0,0,0,0,0,0,1,0,0,0,1,1,0,0,0,0,0,0,1,0,0,0,0,0,0,0,0,0,0,0,0,0,0,0,0,0,0,0,1,0,0,0,0,0,0,0,0,0,0,0,0,0,0,0,0,0,0,0,0,0,1
https://www.immowelt.de/expose/2atvf5m,"++1Zi.-Appartement zvk., perfekte Kapitalanlage in W\u00fc.++",120000,EUR,34.99,1,1994.0,97076,WOHNUNG,ZUM_KAUF,APARTMENT,BUY,0,0,0,0,0,0,0,0,0,0,0,0,0,0,0,0,0,0,0,0,0,0,0,0,0,0,0,0,0,0,0,1,0,0,0,0,0,0,0,0,0,0,0,0,0,0,0,0,0,0,0,0,0,0,0,0,0,0,0,0,0,0,0,0,0,0,0,0,0,0,0,0,0,0,0,1,0,0,0,0,0,0
https://www.immowelt.de/expose/2a8u65k,"Sanierte 3-Zimmereigentumswohnung mit Balkon, Garage und Stellplatz in Veitsh\u00f6chheim",246000,EUR,77.65,3,1960.0,97209,WOHNUNG,ZUM_KAUF,APARTMENT,BUY,0,0,0,0,1,0,0,0,0,0,0,0,0,1,1,0,1,0,0,0,1,0,0,1,0,1,0,0,1,0,0,1,1,0,0,0,0,0,0,1,0,0,0,0,0,1,1,0,0,0,0,0,0,0,0,0,0,0,0,0,0,0,0,0,0,0,0,0,0,0,1,0,0,0,0,0,0,0,0,0,0,1
https://www.immowelt.de/expose/2a7tb5b,gepflegte Altbauwohnung mit Balkon im 3. OG in zentraler Wohnlage im Frauenland,249000,EUR,70,3,1946.0,97074,WOHNUNG,ZUM_KAUF,APARTMENT,BUY,0,0,0,0,1,0,0,0,0,0,0,0,0,0,0,0,0,0,0,0,1,0,0,0,0,0,0,0,0,0,0,1,0,0,0,0,0,0,0,1,0,0,0,0,0,0,0,0,0,0,0,0,0,0,0,0,0,0,0,0,0,0,1,0,0,0,0,0,0,0,0,0,0,0,0,0,0,1,0,0,0,1
https://www.immowelt.de/expose/29t545x,Nebenkosten gegen Null!! Heizen mit hocheffizienter W\u00e4rmepumpe!! 2 ZW in bester Lage von W\u00fcrzburg!!,298000,EUR,50.35,,1960.0,97074,WOHNUNG,ZUM_KAUF,APARTMENT,BUY,0,0,0,0,0,0,0,0,0,0,0,0,0,0,0,0,0,0,0,0,0,0,0,0,0,0,1,0,0,0,0,0,0,0,0,1,0,0,0,1,0,0,0,0,0,0,0,0,0,1,0,0,0,0,0,0,0,0,0,0,0,0,1,0,0,0,0,0,0,0,0,0,0,0,0,0,0,0,0,0,0,0
https://www.immowelt.de/expose/2aecm5g,Renovierte Altbauwohnung im Hochparterre in der Stadtmitte - aktuell unbewohnt,369000,EUR,82,3,1955.0,97070,WOHNUNG,ZUM_KAUF,APARTMENT,BUY,0,0,0,0,1,0,0,0,0,0,0,0,0,0,1,0,0,0,0,1,0,0,0,0,0,0,0,0,0,0,0,1,0,0,0,0,0,0,1,1,0,0,0,0,0,0,0,0,0,0,0,0,0,0,0,0,0,0,0,0,1,0,0,0,0,0,0,0,0,0,0,0,0,0,0,0,0,0,0,0,0,0
https://www.immowelt.de/expose/2955p5t,Ihre Gelegenheit: Appartement im 2. OG mit Balkon,138000,EUR,30.85,1,,97072,WOHNUNG,ZUM_KAUF,APARTMENT,COMPULSORY_AUCTION,0,0,0,0,0,0,0,0,0,0,0,0,0,0,0,0,0,0,0,0,0,0,0,0,0,0,0,0,0,0,0,0,0,0,0,0,0,0,0,0,0,0,0,0,0,0,0,0,0,0,0,0,0,0,0,0,0,0,0,0,0,0,0,0,0,0,0,0,0,0,1,0,0,0,0,0,0,0,0,0,0,0
https://www.immowelt.de/expose/2am8n5h,Neuwertige Eigentumswohnung in der Sanderau,229000,EUR,50.12,2,1983.0,97072,WOHNUNG,ZUM_KAUF,APARTMENT,BUY,0,0,0,0,0,0,0,0,0,0,0,0,0,0,0,0,0,0,0,1,0,0,0,0,0,0,0,0,0,0,0,1,0,0,0,0,0,0,0,1,0,0,0,0,0,0,0,0,0,0,0,0,0,0,0,0,0,0,0,0,0,0,0,0,0,0,0,0,0,0,0,0,0,0,0,0,0,0,1,0,0,0
https://www.immowelt.de/expose/29ekz5m,Eigentumswohnung in Hubland N\u00e4he f\u00fcr Studenteneltern (3er WG),299900,EUR,74,4,1963.0,97074,WOHNUNG,ZUM_KAUF,APARTMENT,BUY,1,0,0,0,1,0,0,0,0,0,0,0,0,1,0,0,0,0,0,0,0,0,0,1,0,0,0,0,0,0,0,0,0,0,0,0,0,0,0,1,0,0,0,0,0,0,1,0,0,0,0,0,0,0,0,0,0,0,0,1,0,0,0,0,0,0,0,0,0,0,0,0,0,0,0,0,0,0,0,0,0,0
https://www.immowelt.de/expose/2935v5q,Stilvolle Eleganz - Ziegelaustra\u00dfe 8.2,269000,EUR,58.04,3,1908.0,97080,WOHNUNG,ZUM_KAUF,APARTMENT,BUY,0,0,0,0,0,0,0,0,0,0,0,0,0,0,0,0,0,0,0,1,0,0,0,0,0,0,0,0,0,0,0,1,0,0,0,0,0,0,0,1,0,0,0,0,0,0,0,0,0,0,0,0,0,0,0,0,0,0,0,0,0,0,1,0,0,0,0,0,0,0,0,0,0,0,0,0,0,0,0,0,0,0
https://www.immowelt.de/expose/2aq9n5h,Sofort bezugsfreie Dachgeschosswohnung mit Einbauk\u00fcche,249000,EUR,52.02,2,1983.0,97072,WOHNUNG,ZUM_KAUF,APARTMENT,BUY,0,0,0,0,0,0,0,0,1,0,0,0,0,0,0,0,0,0,0,1,0,0,0,0,0,0,0,0,0,0,0,1,0,0,0,0,0,0,0,1,0,0,0,0,0,0,0,0,0,0,0,0,0,0,0,0,0,0,0,0,0,0,0,0,0,0,0,0,0,0,0,0,0,0,0,0,0,0,1,0,0,0
https://www.immowelt.de/expose/2arsh5k,VORANK\u00dcNDIGUNG: Schicke 2-Zimmerwohnung in Gromb\u00fchl - Erstbezug nach Revitalisierung,234900,EUR,54,2,1920.0,97080,WOHNUNG,ZUM_KAUF,APARTMENT,BUY,0,0,0,0,0,0,0,0,0,0,0,0,0,0,0,0,0,0,0,0,0,0,0,0,0,0,0,0,0,0,0,0,0,0,0,0,0,0,0,0,0,0,0,0,0,0,0,0,0,0,0,0,0,0,0,0,0,0,0,0,0,0,0,0,0,0,0,0,0,0,0,0,0,0,0,0,0,0,0,0,0,0
https://www.immowelt.de/expose/2a6g658,"Exklusive 3 Zimmer ETW mit eigenem Garten, in W\u00fcrzburg  \Talweg Terrassen\, 71,59 qm, provisionsfrei vom Bautr\u00e4ger",454900,EUR,71.59,3,2025.0,97076,WOHNUNG,ZUM_KAUF,APARTMENT,BUY,0,0,0,0,0,0,0,0,0,0,0,0,0,0,0,0,0,0,0,0,1,0,0,0,0,0,1,0,0,1,0,0,0,0,0,0,0,0,0,1,0,0,0,0,0,0,0,0,0,1,0,0,1,0,0,0,0,0,0,0,1,0,0,0,0,0,0,0,0,0,0,0,0,1,0,0,0,0,0,0,0,1
https://www.immowelt.de/expose/2alqf5j,Tolle m\u00f6blierte 1-Zimmerwohnung im W\u00fcrzburger Stadtteil Oberd\u00fcrrbach,164000,EUR,37.71,1,1991.0,97080,WOHNUNG,ZUM_KAUF,APARTMENT,BUY,0,0,0,0,0,0,0,0,0,0,0,0,0,1,1,0,0,0,0,1,1,0,0,1,1,0,0,0,0,0,0,0,0,0,0,1,0,0,0,1,0,0,0,0,0,0,0,0,0,0,0,0,0,0,0,0,0,1,0,0,0,1,0,0,0,0,0,0,0,0,1,0,0,1,0,0,0,0,0,0,0,0
https://www.immowelt.de/expose/2a36w56,3-Zimmerneubauwohnung im Standard KfW40EE,410000,EUR,87.41,3,2022.0,97080,WOHNUNG,ZUM_KAUF,APARTMENT,BUY,1,0,0,0,1,0,0,0,0,0,0,1,0,1,0,1,0,0,0,0,1,0,0,0,0,0,1,0,0,0,0,0,0,0,0,0,0,0,0,0,1,0,0,1,1,1,0,0,0,1,0,0,1,0,0,0,0,0,0,0,1,0,0,0,0,1,0,0,0,0,1,0,0,0,0,0,0,1,0,0,0,0
https://www.immowelt.de/expose/2ak6t5l,Topsanierte u. teilm\u00f6blierte 2-Zimmerwhg. mit 50 qm Garten u. Terrassenfl\u00e4che in einzigartiger idyllischer Lage Zell,205000,EUR,56,2,1997.0,97299,WOHNUNG,ZUM_KAUF,APARTMENT,BUY,0,0,0,0,0,0,0,0,0,0,0,0,0,1,1,0,1,0,0,0,0,0,0,0,0,0,0,0,1,1,0,1,0,0,0,0,0,0,0,0,0,0,0,0,0,1,0,0,0,0,0,0,0,0,0,0,0,0,0,0,0,0,0,0,0,0,0,0,0,0,1,1,0,1,0,0,0,0,0,0,0,1
https://www.immowelt.de/expose/2ajsn56,"Alles da, alles nah! Modern, gr\u00fcn und stadtnah wohnen. Neubau von 8 Eigentumswohnungen in W\u00fcrzburg-Oberd\u00fcrrbach",379500,EUR,80.92,3,2023.0,97080,WOHNUNG,ZUM_KAUF,APARTMENT,BUY,1,0,0,0,0,0,0,0,0,0,0,0,0,1,0,1,0,1,0,0,1,0,0,1,0,0,1,0,0,0,0,0,0,0,0,0,0,0,0,0,1,0,0,1,1,1,0,0,0,0,0,0,1,0,0,1,0,0,0,0,1,0,0,0,0,1,0,0,0,0,1,0,0,1,0,0,0,1,0,0,0,0
https://www.immowelt.de/expose/298ed5a,sch\u00f6ne 2-Zimmerwohnung in Rimpar,119000,EUR,41,2,1993.0,97222,WOHNUNG,ZUM_KAUF,APARTMENT,BUY,0,0,0,0,0,0,0,0,0,0,0,0,0,0,0,0,0,0,0,0,0,0,0,0,0,0,0,0,0,0,0,1,0,0,0,0,0,0,0,0,0,0,0,0,0,0,0,0,0,0,0,0,0,0,0,0,0,1,0,0,0,0,0,0,0,0,0,0,0,0,1,0,0,0,0,0,0,0,0,0,0,1
https://www.immowelt.de/expose/28sth5n,Ideal f\u00fcr Kinder!!! Familienfreundliche Doppelhaush\u00e4lfte mit Einliegerwohnung,660000,EUR,202,7,2005.0,97299,WOHNUNG,ZUM_KAUF,APARTMENT,BUY,0,0,0,0,0,0,0,0,0,0,0,0,0,1,0,0,1,0,0,0,0,0,0,0,0,0,0,1,0,0,0,1,1,0,0,0,0,1,0,1,0,0,0,0,0,0,0,0,0,0,0,0,0,0,0,0,0,1,0,0,0,0,0,0,0,0,0,0,0,0,0,0,0,1,0,0,0,1,0,0,0,0
https://www.immowelt.de/expose/29brf5x,WOHNEN AUF HOHEM NIVEAU,385000,EUR,115,4,1996.0,97273,WOHNUNG,ZUM_KAUF,APARTMENT,BUY,0,0,0,0,1,0,0,0,0,0,0,0,0,1,1,0,0,0,0,1,1,0,0,1,0,0,0,1,1,0,1,1,1,0,0,0,0,0,0,1,0,0,0,0,0,1,1,0,1,0,0,0,0,0,0,0,0,0,0,0,0,0,0,0,0,0,0,0,0,0,1,0,0,0,0,1,0,1,1,0,0,0
https://www.immowelt.de/expose/29rp25s,"3 Zi-ETW in K\u00fcrnach Neuer Berg, zu verkaufen",,,79,3,1994.0,97273,WOHNUNG,ZUM_KAUF,APARTMENT,BUY,0,0,0,0,1,0,0,0,0,0,0,1,0,1,1,0,0,0,1,0,1,0,1,1,0,0,0,0,0,1,1,1,1,0,1,0,0,0,0,0,0,0,0,0,0,0,0,0,0,0,0,0,0,0,0,0,0,1,0,0,0,0,0,0,0,1,0,0,1,0,1,0,0,0,0,0,0,1,1,0,0,1
https://www.immowelt.de/expose/2awq35l,Frauenland: Gro\u00dfz\u00fcgige Wohnung mit S\u00fcdbalkon,325000,EUR,83,3,1981.0,97074,WOHNUNG,ZUM_KAUF,APARTMENT,BUY,0,0,0,0,1,0,0,0,0,0,0,0,0,1,0,0,0,0,0,1,0,0,0,0,0,1,0,1,1,0,0,1,1,0,1,0,0,0,0,1,0,0,0,0,0,0,0,0,0,0,0,0,0,0,0,0,0,1,0,0,0,0,0,0,0,0,0,0,0,1,0,0,0,0,0,0,0,0,0,0,0,0
https://www.immowelt.de/expose/2a77v5n,NEU im Angebot: Sch\u00f6ne 4-Zimmer-Eigentumswohnung mit Terrasse und Gartenanteil,279500,EUR,91,4,2003.0,97249,WOHNUNG,ZUM_KAUF,APARTMENT,BUY,0,0,0,0,0,0,0,0,0,0,0,0,0,1,1,0,1,0,0,0,0,0,0,0,0,0,0,0,0,1,0,1,1,0,0,0,0,0,0,0,0,0,0,0,0,0,1,0,0,0,0,0,0,0,0,0,0,0,0,0,0,0,0,0,0,0,0,0,0,0,0,0,0,1,0,1,0,1,0,0,0,0
https://www.immowelt.de/expose/29d4a55,4-Zimmer-Eigentumswohnung in W\u00fcrzburg,298000,EUR,86.13,4,1964.0,97072,WOHNUNG,ZUM_KAUF,APARTMENT,BUY,1,0,0,0,1,0,0,0,0,0,0,1,0,0,0,0,0,0,0,0,0,0,1,1,0,1,0,0,1,0,0,1,0,0,0,1,0,0,0,1,0,0,0,0,0,1,1,0,0,0,0,0,0,0,0,0,0,0,0,1,0,0,0,0,0,0,0,0,1,0,0,0,0,0,0,0,0,1,1,0,0,1
https://www.immowelt.de/expose/2adsk5n,"Klein, aber mein ++ 1-Zimer-Wohnung mit Balkon und Stellplatz ++",138000,EUR,31,1,,97072,WOHNUNG,ZUM_KAUF,APARTMENT,COMPULSORY_AUCTION,0,0,0,0,0,0,0,0,0,0,0,0,0,0,0,0,0,0,0,0,0,0,0,0,0,0,0,0,0,0,0,0,0,0,0,0,0,0,0,0,0,0,0,0,0,0,0,0,0,0,0,0,0,0,0,0,0,0,0,0,0,0,0,0,0,0,0,0,0,0,0,0,0,0,0,0,0,0,0,0,0,0
https://www.immowelt.de/expose/2a6rh5k,VORANK\u00dcNDIGUNG: Charmante 3-Zimmer-Wohnung in der Altstadt von W\u00fcrzburg - Ideale Lage f\u00fcr Kapitalanleger oder Selbstbezug,299900,EUR,60,3,1967.0,97070,WOHNUNG,ZUM_KAUF,APARTMENT,BUY,0,0,0,0,0,0,0,0,0,0,0,0,0,0,0,0,0,0,0,1,0,0,0,0,0,0,0,0,0,0,0,1,0,0,0,0,0,0,0,0,0,0,0,0,0,0,0,0,0,0,0,0,0,0,0,0,0,0,0,0,0,0,0,0,0,0,0,0,0,0,0,0,0,0,0,0,0,0,0,0,0,0
https://www.immowelt.de/expose/2aw385g,Tolle 3-Zimmerwohnung in bester Lage von W\u00fcrzburg,269000,EUR,72.42,3,1956.0,97072,WOHNUNG,ZUM_KAUF,APARTMENT,BUY,0,0,0,0,1,0,0,0,0,0,0,0,0,0,0,0,0,0,0,1,0,0,0,0,0,0,0,0,0,0,0,1,0,0,0,1,0,0,0,1,0,0,0,0,0,0,0,0,0,0,0,0,0,0,0,0,0,0,0,0,0,0,0,0,0,0,0,0,0,0,0,0,0,0,0,0,0,0,0,0,0,0
https://www.immowelt.de/expose/2anlf53,Solide Kapitalanlage - Vermietete Wohnung inklusive Stellplatz in zentraler Lage,220000,EUR,53,2,1990.0,97072,WOHNUNG,ZUM_KAUF,APARTMENT,BUY,0,0,0,0,0,0,0,0,1,0,0,0,1,1,1,0,0,0,0,0,0,0,0,0,0,0,0,0,0,0,0,0,1,0,0,0,0,0,0,1,0,0,0,0,0,0,0,0,0,0,0,0,0,0,0,0,0,0,0,1,0,0,0,0,0,0,0,0,0,0,0,0,0,0,0,1,0,1,0,0,0,1
https://www.immowelt.de/expose/27m3957,KANT LIVE BETTER - Studentisches Wohnen in W\u00fcrzburg,190458,EUR,26.27,1,2022.0,97074,WOHNUNG,ZUM_KAUF,APARTMENT,BUY,0,0,0,0,0,0,0,0,0,0,0,0,0,1,0,0,0,0,0,0,0,0,0,1,0,1,0,0,0,0,0,0,0,0,0,0,0,0,0,0,0,0,0,1,0,1,0,1,0,0,0,1,1,0,0,1,0,0,1,1,1,0,0,0,0,0,0,0,0,0,0,0,0,0,1,0,0,0,1,0,0,1
https://www.immowelt.de/expose/2agqm5q,"Etagenwohnung in 97072 W\u00fcrzburg, Friedrich-Spee-Str.",138000,EUR,31,1,1973.0,97072,WOHNUNG,ZUM_KAUF,APARTMENT,COMPULSORY_AUCTION,0,0,0,0,0,0,0,0,0,0,0,0,0,0,0,0,0,0,0,0,0,0,0,0,0,0,0,0,0,0,0,0,0,0,0,0,0,0,0,1,0,0,0,0,0,0,0,0,0,0,0,0,0,0,0,0,0,0,0,0,0,0,0,0,0,0,0,0,0,0,0,0,0,0,0,0,0,0,0,0,0,0
https://www.immowelt.de/expose/2afl55p,Hinterhausflair: renovierte 2 ZW in TOPLAGE W\u00fc-Sanderau/ Ringpark mit hohen Decken und Sonnenbalkon,255000,EUR,57.97,2,1947.0,97072,WOHNUNG,ZUM_KAUF,APARTMENT,BUY,0,0,0,0,0,0,0,0,0,0,1,0,0,1,0,0,0,0,0,0,1,0,0,0,0,0,0,0,0,0,0,1,1,0,0,1,0,0,0,0,0,0,0,0,0,0,0,0,0,0,1,0,0,0,0,1,0,0,0,0,0,0,0,0,0,0,0,0,0,0,1,0,0,0,0,0,0,0,0,0,0,1
https://www.immowelt.de/expose/2aaey5p,absolute Ruhe in 2.Baureihe: schnuckelige 1 ZW in TOPLAGE W\u00fc-Sanderau/ Ringpark mit hohen Decken,99000,EUR,22.01,1,1947.0,97072,WOHNUNG,ZUM_KAUF,APARTMENT,BUY,0,0,0,0,0,0,0,0,0,0,1,0,0,1,0,0,0,0,0,0,1,0,0,0,0,0,0,0,0,0,0,1,1,0,0,1,0,0,0,0,0,0,0,0,0,0,0,0,0,0,1,0,0,0,0,1,0,0,0,0,0,0,0,0,0,0,0,0,0,0,0,0,0,0,0,0,0,0,0,0,0,1
https://www.immowelt.de/expose/2a9sg5p,Ideal f\u00fcr Kapitalanleger oder Eigennutzer,325000,EUR,84,3,1956.0,97072,WOHNUNG,ZUM_KAUF,APARTMENT,BUY,1,0,0,0,1,0,0,0,0,0,0,0,0,0,0,0,1,0,0,1,0,0,0,1,0,0,0,0,0,0,0,1,0,0,0,0,0,0,0,1,0,0,0,0,0,0,1,0,0,0,0,0,0,0,0,0,0,0,0,0,0,0,0,0,0,0,0,0,0,0,0,0,0,0,0,1,0,1,0,1,0,0
https://www.immowelt.de/expose/2azn55g,"Selbstnutzer u. Kapitalanleger aufgepasst! 2,5 Zimmer Maisonette Wohnung mit Loggia u. Festungsblick",339000,EUR,81,2.5,1991.0,97072,WOHNUNG,ZUM_KAUF,APARTMENT,BUY,0,0,0,0,1,0,0,0,0,0,0,0,1,0,1,0,0,0,0,0,0,0,0,1,0,0,0,1,0,0,0,1,1,0,0,0,0,0,0,1,0,0,0,0,0,0,1,0,1,0,0,0,0,0,0,0,0,0,0,1,0,0,0,0,0,0,0,0,0,0,0,0,0,0,0,0,0,1,0,0,0,0
https://www.immowelt.de/expose/2admc53,PROVISIONSFREI f\u00fcr den K\u00e4ufer: Gro\u00dfz\u00fcgige 4-ZW mit Terrasse und Blick auf den Main!,420000,EUR,125,4,1972.0,97209,WOHNUNG,ZUM_KAUF,APARTMENT,BUY,0,0,0,0,0,0,0,0,0,0,0,0,0,1,0,0,0,0,0,0,0,0,0,0,0,0,0,1,0,0,0,1,0,0,0,0,0,0,0,1,0,0,0,0,0,0,0,0,0,0,0,0,0,0,0,0,0,0,0,0,0,0,0,1,0,0,0,0,0,0,0,0,0,1,0,0,0,1,0,0,0,1
https://www.immowelt.de/expose/27cf357,KANT LIVE BETTER - Studentisches Wohnen in W\u00fcrzburg,172188,EUR,23.75,1,2022.0,97074,WOHNUNG,ZUM_KAUF,APARTMENT,BUY,0,0,0,0,0,0,0,0,0,0,0,0,0,1,0,0,0,0,0,0,0,0,0,1,0,1,0,0,0,0,0,0,0,0,0,0,0,0,0,0,0,0,0,1,0,1,0,1,0,0,0,1,1,0,0,1,0,0,1,1,1,0,0,0,0,0,0,0,0,0,0,0,0,1,1,0,0,0,1,0,0,1
https://www.immowelt.de/expose/2aaev5n,Hinterhausflair: renovierte 2 ZW in TOP-Lage W\u00fc-Sanderau/ Ringpark mit eigener Terrasse,219000,EUR,50.87,2,1947.0,97072,WOHNUNG,ZUM_KAUF,APARTMENT,BUY,0,0,0,0,0,0,0,0,0,0,1,0,0,1,1,0,0,0,0,0,1,0,0,0,0,0,0,0,0,0,0,1,1,0,0,1,0,0,0,0,0,0,0,0,0,0,0,0,0,0,1,0,0,0,0,0,0,0,0,0,0,0,0,0,0,0,0,0,0,0,0,0,0,1,0,0,0,0,0,0,0,1
https://www.immowelt.de/expose/2avqw5b,Selbst wohnen oder vermieten in zentraler Lage,339000,EUR,89,3,1956.0,97072,WOHNUNG,ZUM_KAUF,APARTMENT,BUY,1,0,0,0,1,0,0,0,0,0,0,0,0,0,1,0,0,0,0,1,0,0,0,1,0,0,0,0,0,0,0,1,0,0,0,0,0,0,0,1,0,0,0,0,0,0,1,1,0,0,0,0,0,0,0,0,0,1,0,0,0,0,0,0,0,0,0,0,0,0,0,0,1,0,0,0,0,1,0,0,0,0
https://www.immowelt.de/expose/2a6tq5m,Wohnen und Leben im Weinort Th\u00fcngersheim,499000,EUR,99.94,4,2023.0,97070,WOHNUNG,ZUM_KAUF,APARTMENT,BUY,1,0,0,1,1,1,0,0,0,0,0,1,0,1,0,0,0,0,0,0,1,0,0,1,0,0,1,1,0,0,0,0,0,0,0,0,1,0,0,1,0,1,0,1,0,0,0,0,0,0,0,0,1,0,0,1,0,1,1,1,1,0,0,0,0,1,0,0,1,0,1,0,0,0,0,0,0,1,1,0,0,0
https://www.immowelt.de/expose/2a5ja5p,"**RARIT\u00c4T** zauberhafte, renovierte, helle 2 ZW mit Charme und grandioser Aussicht in W\u00fc-Sanderau",239000,EUR,50.73,2,1947.0,97072,WOHNUNG,ZUM_KAUF,APARTMENT,BUY,0,0,0,0,0,0,0,0,0,0,1,0,0,0,0,0,0,0,0,1,0,0,0,0,0,0,0,0,0,0,0,1,1,0,0,1,0,0,0,0,0,0,0,0,0,0,0,0,0,0,1,0,0,0,0,0,0,0,0,0,0,0,0,0,0,0,0,0,0,0,0,0,0,0,0,0,0,0,0,0,0,0
https://www.immowelt.de/expose/2a9d856,Wohnen und Leben im malerischen Weinort Erlabrunn,499000,EUR,87.1,4,2023.0,97070,WOHNUNG,ZUM_KAUF,APARTMENT,BUY,0,0,0,1,0,1,0,0,1,0,0,1,0,1,0,0,0,0,0,0,1,0,0,1,0,0,1,1,0,0,1,0,0,0,0,0,1,0,0,1,1,0,0,1,0,0,0,0,0,0,0,0,1,0,0,1,0,1,1,1,1,0,0,0,0,1,0,0,0,0,1,0,0,1,0,0,0,0,0,0,0,0
https://www.immowelt.de/expose/2amuq5m,Wohnen und Leben im Weinort Th\u00fcngersheim,409000,EUR,82.21,3,2023.0,97070,WOHNUNG,ZUM_KAUF,APARTMENT,BUY,1,0,0,1,1,1,0,0,1,0,0,1,0,1,0,0,0,0,0,0,1,0,0,1,0,0,1,1,0,0,0,0,0,0,0,0,1,0,0,1,0,1,0,1,0,0,0,0,0,0,0,0,1,0,0,1,0,1,1,1,1,0,0,0,0,1,0,0,1,0,1,0,0,0,0,0,0,1,1,0,0,0
https://www.immowelt.de/expose/2achb53,"Geplegte 3 ZW, mit 2 Loggien, in W\u00fcrzburg - Frauenland",399000,EUR,76,3,1985.0,97074,WOHNUNG,ZUM_KAUF,APARTMENT,BUY,0,0,0,0,0,0,0,0,1,0,0,0,0,0,0,0,0,0,0,0,0,0,1,1,0,1,0,1,0,0,0,1,1,0,1,0,0,0,0,1,0,0,0,0,0,0,0,0,1,0,0,0,0,0,0,0,0,1,0,0,0,0,0,0,0,0,0,0,0,1,0,0,0,0,1,0,0,1,1,0,0,1
https://www.immowelt.de/expose/2aztq5m,Wohnen und Leben im malerischen Weinort Erlabrunn,399000,EUR,71.46,3,2023.0,97070,WOHNUNG,ZUM_KAUF,APARTMENT,BUY,1,0,0,0,0,1,0,0,0,0,0,1,0,1,0,0,0,0,0,0,0,0,0,1,0,0,1,0,0,1,1,0,0,0,0,0,1,0,0,1,1,0,0,1,0,0,0,0,0,0,0,0,1,0,0,1,0,1,1,1,1,0,0,0,0,1,0,0,1,0,1,0,0,1,0,0,0,0,0,0,0,0
https://www.immowelt.de/expose/29uu853,...sanierte 3 Zimmerwohnung mit Balkon und Atelier in guter Lage W\u00fcrzburg Keesburg,295000,EUR,84.3,3,1960.0,97074,WOHNUNG,ZUM_KAUF,APARTMENT,BUY,0,0,0,0,0,0,0,0,0,0,0,0,0,1,0,0,0,0,0,0,1,0,0,0,0,0,0,0,0,0,0,1,0,0,0,0,0,0,0,0,0,0,0,0,0,0,0,0,0,0,0,0,0,0,0,0,0,0,0,0,0,0,0,0,0,0,0,0,0,0,0,0,0,0,0,0,0,0,0,0,0,1
https://www.immowelt.de/expose/2a8d652,Eigentumswohnung in 97072 W\u00fcrzburg,138000,EUR,31,,,97072,WOHNUNG,ZUM_KAUF,APARTMENT,BUY,0,0,0,0,0,0,0,0,0,0,0,0,0,0,0,0,0,0,0,0,0,0,0,0,0,0,0,0,0,0,0,0,0,0,0,0,0,0,0,0,0,0,0,0,0,0,0,0,0,0,0,0,0,0,0,0,0,0,0,0,1,0,0,0,0,0,0,0,0,0,0,0,0,0,0,0,0,0,0,0,0,0
https://www.immowelt.de/expose/2argu57,Ideal f\u00fcrs Kapital! Vermietete 1-ZW mit Balkon am Moskauer Ring - Heuchelhof,117400,EUR,34.74,1,1992.0,97084,WOHNUNG,ZUM_KAUF,APARTMENT,BUY,0,0,1,0,1,0,0,0,0,0,0,0,0,1,1,0,0,0,0,0,0,0,0,0,0,0,0,0,0,0,0,1,0,0,0,0,0,0,0,1,0,0,0,0,1,0,0,0,0,0,0,0,0,0,0,0,0,0,0,1,0,0,0,0,0,0,0,0,0,0,0,0,0,0,0,1,0,0,0,0,0,1
https://www.immowelt.de/expose/2akcq5c,Enorm viel Platz (193 m\u00b2 Wfl.) - Gepflegte 6-Zi.-ETW im Herzen von Gromb\u00fchl mit erstklassigem Mieter!,490000,EUR,193,6,1989.0,97080,WOHNUNG,ZUM_KAUF,APARTMENT,BUY,1,0,0,0,0,0,0,0,0,0,0,1,0,1,0,0,1,0,0,0,0,0,0,0,0,0,0,1,0,0,0,0,1,0,0,1,0,0,0,0,0,0,0,0,1,1,0,0,0,0,0,0,0,0,0,0,0,0,0,0,0,0,0,0,0,0,0,0,0,0,0,0,0,1,1,1,0,0,0,1,0,1
https://www.immowelt.de/expose/2azr35p,"Ansprechende 2,5-Zimmerwohnung mit Balkon in Gromb\u00fchl (EG)",269000,EUR,63.7,2.5,1938.0,97080,WOHNUNG,ZUM_KAUF,APARTMENT,BUY,0,0,0,0,1,0,0,0,0,0,0,0,0,0,0,0,1,0,0,0,0,0,0,0,0,0,0,0,0,0,0,1,1,0,0,0,0,0,0,1,0,0,0,0,0,0,0,0,0,0,0,0,0,0,0,0,0,0,0,0,0,0,0,0,0,0,0,0,0,0,0,0,0,0,0,1,0,0,0,0,0,1
https://www.immowelt.de/expose/25qx95p, Luxuri\u00f6se Wohnung - \u00dcber den D\u00e4chern W\u00fcrzburgs mit Zugang zum Naturschutzgebiet,625000,EUR,89.58,3,1959.0,97074,WOHNUNG,ZUM_KAUF,APARTMENT,BUY,0,0,0,0,0,0,0,0,0,0,0,0,0,1,0,0,1,0,0,0,1,0,1,1,0,1,1,0,1,1,0,1,0,0,0,0,0,0,0,0,0,0,0,1,0,1,0,0,0,0,0,0,0,0,0,1,0,0,0,0,0,0,0,0,0,0,0,0,0,0,0,0,0,1,0,0,0,1,0,0,1,0
https://www.immowelt.de/expose/22lug5t,Luxuri\u00f6se Wohnung \u00fcber 2 Etagen - \u00dcber den D\u00e4chern W\u00fcrzburgs mit Zugang zum Naturschutzgebiet! ,619000,EUR,94.45,3,1959.0,97074,WOHNUNG,ZUM_KAUF,APARTMENT,BUY,0,0,0,0,1,0,0,0,1,0,0,0,0,1,0,0,0,0,0,0,1,0,1,1,0,1,1,0,1,0,0,1,0,0,0,0,0,0,0,0,0,0,0,1,0,1,0,0,0,0,0,0,0,0,0,1,0,0,0,0,0,0,0,0,0,0,0,0,0,0,0,0,0,0,0,0,0,1,0,0,0,0
https://www.immowelt.de/expose/2sr9e4f,Luxuri\u00f6se Wohnung \u00fcber den D\u00e4chern W\u00fcrzburgs mit Zugang zum Naturschutzgebiet! EG,497500,EUR,90.33,2,1959.0,97074,WOHNUNG,ZUM_KAUF,APARTMENT,BUY,0,0,0,0,0,0,0,0,0,0,0,0,0,1,0,0,1,0,0,0,0,0,1,1,0,1,1,0,0,1,0,1,0,0,0,0,0,0,0,0,0,0,0,1,0,1,0,0,0,0,0,0,0,0,0,1,0,0,0,0,0,0,0,0,0,0,0,0,0,0,0,0,0,1,0,0,0,1,0,0,0,0
https://www.immowelt.de/expose/2aka45g,Nur 5 Minuten zur Uniklinik ! Exklusive DG - Neubau-Wohnung mit Weitblick ,,,55.25,2.5,2023.0,97080,WOHNUNG,ZUM_KAUF,APARTMENT,BUY,1,0,0,0,1,0,0,1,1,0,1,1,0,1,0,0,0,0,1,0,1,0,1,1,0,0,1,0,0,0,1,0,0,0,0,0,1,0,0,1,0,1,0,0,0,1,1,0,0,1,0,0,1,0,0,0,0,1,0,1,1,0,0,0,0,0,0,0,1,0,1,0,0,0,1,0,0,1,0,0,0,1
https://www.immowelt.de/expose/2axb658,"Exklusive 2 Zimmer ETW in W\u00fcrzburg  \Talweg Terrassen\, 61,19 qm, provisionsfrei vom Bautr\u00e4ger ",358900,EUR,61.19,2,2025.0,97076,WOHNUNG,ZUM_KAUF,APARTMENT,BUY,0,0,0,0,1,0,0,0,0,0,0,0,0,0,0,0,0,0,0,0,1,0,0,0,0,0,1,0,0,0,0,0,0,0,0,0,0,0,0,1,0,0,0,0,0,0,0,0,0,1,0,0,1,0,0,0,0,0,0,0,1,0,0,0,0,0,0,0,0,0,0,0,0,0,0,0,0,0,0,0,0,1
https://www.immowelt.de/expose/2ach658,"Exklusive 2 Zimmer ETW mit eigenem Garten, in W\u00fcrzburg  \Talweg Terrassen\, 54,89 qm, provisionsfrei vom Bautr\u00e4ger ",352500,EUR,54.89,2,2025.0,97076,WOHNUNG,ZUM_KAUF,APARTMENT,BUY,0,0,0,0,0,0,0,0,0,0,0,0,0,0,0,0,0,0,0,0,1,0,0,0,0,0,1,0,0,1,0,0,0,0,0,0,0,0,0,1,0,0,0,0,0,0,0,0,0,1,0,0,1,0,0,0,0,0,0,0,1,0,0,0,0,0,0,0,0,0,0,0,0,1,0,0,0,0,0,0,0,1
https://www.immowelt.de/expose/2apd658,"Exklusives 3-4 Zimmer Penthouse mit Blick auf W\u00fcrzburg,  \Talweg Terrassen\, 94,44 qm, provisionsfrei vom Bautr\u00e4ger ",589000,EUR,94.44,3,2025.0,97076,WOHNUNG,ZUM_KAUF,APARTMENT,BUY,0,0,0,0,0,0,0,0,0,0,0,0,0,0,0,0,0,0,0,0,1,0,0,0,0,0,1,0,0,0,0,0,0,0,0,0,0,0,0,1,0,0,0,0,0,0,0,0,0,1,0,0,1,0,0,0,0,0,0,0,1,0,0,0,0,0,0,0,0,0,0,0,0,1,0,0,0,0,0,0,0,1
https://www.immowelt.de/expose/2amn658,"Exklusives 3-4 Zimmer Penthouse mit Blick auf W\u00fcrzburg,  \Talweg Terrassen\, 94,44 qm, provisionsfrei vom Bautr\u00e4ger ",589000,EUR,94.44,3,2025.0,97076,WOHNUNG,ZUM_KAUF,APARTMENT,BUY,0,0,0,0,0,0,0,0,0,0,0,0,0,0,0,0,0,0,0,0,1,0,0,0,0,0,1,0,0,0,0,0,0,0,0,0,0,0,0,1,0,0,0,0,0,0,0,0,0,1,0,0,1,0,0,0,0,0,0,0,1,0,0,0,0,0,0,0,0,0,0,0,0,1,0,0,0,0,0,0,0,1
https://www.immowelt.de/expose/2an9658,"Exklusive 2 Zimmer ETW mit eigenem Garten,  in W\u00fcrzburg  \Talweg Terrassen\, 54,89 qm, provisionsfrei vom Bautr\u00e4ger ",355300,EUR,54.89,2,2025.0,97076,WOHNUNG,ZUM_KAUF,APARTMENT,BUY,0,0,0,0,0,0,0,0,0,0,0,0,0,0,0,0,0,0,0,0,1,0,0,0,0,0,1,0,0,1,0,0,0,0,0,0,0,0,0,1,0,0,0,0,0,0,0,0,0,1,0,0,1,0,0,0,0,0,0,0,1,0,0,0,0,0,0,0,0,0,0,0,0,1,0,0,0,0,0,0,0,1
https://www.immowelt.de/expose/2avwe5f,Kapitalanleger aufgepasst! 3 Zimmer Eigentumswohnung + Balkon mit gutem Renditepotenzial,189900,EUR,68,3,1973.0,97076,WOHNUNG,ZUM_KAUF,APARTMENT,BUY,0,0,0,0,1,0,0,0,0,0,0,0,0,0,1,0,0,0,0,0,0,0,0,1,0,0,0,0,0,0,0,0,1,0,0,0,0,0,0,1,0,0,0,0,0,0,1,0,0,0,0,0,0,0,1,0,0,0,0,1,0,0,0,0,0,0,0,0,0,0,1,0,0,0,0,0,0,1,0,0,0,0
https://www.immowelt.de/expose/2atl658,"Exklusive 2 Zimmer ETW in W\u00fcrzburg  \Talweg Terrassen\, 61,19 qm, provisionsfrei vom Bautr\u00e4ger",358900,EUR,61.19,2,2025.0,97076,WOHNUNG,ZUM_KAUF,APARTMENT,BUY,0,0,0,0,1,0,0,0,0,0,0,0,0,0,0,0,0,0,0,0,1,0,0,0,0,0,1,0,0,0,0,0,0,0,0,0,0,0,0,1,0,0,0,0,0,0,0,0,0,1,0,0,1,0,0,0,0,0,0,0,1,0,0,0,0,0,0,0,0,0,0,0,0,0,0,0,0,0,0,0,0,1
https://www.immowelt.de/expose/2ahz35l,"Bezugsfrei! Sonnige Wohnung mit herrlichem Mainblick, Aufzug und Garage",275000,EUR,79,3,1973.0,97209,WOHNUNG,ZUM_KAUF,APARTMENT,BUY,1,1,0,0,1,0,0,0,0,0,0,0,0,1,1,0,0,0,0,0,0,0,0,0,0,0,0,1,1,0,0,0,0,0,0,0,0,0,0,1,0,0,0,0,0,0,0,0,0,0,0,0,0,0,1,0,0,1,0,1,0,0,1,0,0,0,0,0,0,0,0,0,0,0,0,0,0,1,0,0,0,1
https://www.immowelt.de/expose/2am935l,Ausgefallene Dachgeschoss Wohnung f\u00fcr gro\u00dfz\u00fcgiges Wohnen,439000,EUR,106,3,1975.0,97074,WOHNUNG,ZUM_KAUF,APARTMENT,BUY,0,0,1,0,1,0,0,0,0,0,0,0,0,0,0,0,0,0,0,0,1,0,0,0,0,0,0,1,0,0,0,1,0,0,0,0,0,0,0,1,0,0,0,0,0,0,0,0,0,0,0,0,0,0,0,0,0,0,0,0,1,0,1,0,0,0,0,0,0,0,0,0,0,0,0,0,0,0,0,0,0,1
https://www.immowelt.de/expose/2ay4857,"W\u00fcrzburg (H\u00d6CHBERG), NEUBAU, Provisionsfrei, 3- Zi.Penthouse, Aufzug, Luxusk\u00fcche, TIefgaragenplatz + 2 Dachterrassen, Sofort frei ",499000,EUR,89.02,3,2020.0,97204,WOHNUNG,ZUM_KAUF,APARTMENT,BUY,0,0,0,0,1,0,0,0,0,0,0,0,0,0,1,0,0,0,0,0,1,0,0,0,0,0,1,0,0,0,0,0,0,0,0,0,0,0,0,0,0,0,0,0,0,0,0,0,0,0,0,0,1,0,0,0,0,0,1,1,1,0,0,0,0,0,0,0,0,0,0,0,0,0,0,0,0,0,0,0,0,0
https://www.immowelt.de/expose/29f3n5l,Gepflegte 1 Zimmer Eigentumswohnung in sch\u00f6ner u. ruhiger Wohnlage von W\u00fcrzburg / Heuchelhof,129500,EUR,44,1,1994.0,97084,WOHNUNG,ZUM_KAUF,APARTMENT,BUY,0,0,0,0,0,0,0,0,0,0,0,0,1,0,0,0,0,0,0,0,0,1,0,0,0,0,0,0,0,0,0,0,0,0,0,0,0,0,0,0,0,0,0,0,0,0,0,0,0,0,0,0,0,0,0,0,0,0,0,0,0,0,0,0,0,0,0,0,0,0,0,0,0,0,0,0,0,0,0,0,0,0
https://www.immowelt.de/expose/2ag4p55,Seltene Gelegenheit: Helle 3-Zimmer-Eigentumswohnung mit Sonnenbalkon,279500,EUR,65.3,3,1971.0,97074,WOHNUNG,ZUM_KAUF,APARTMENT,BUY,0,0,0,0,1,0,0,0,0,0,0,0,0,0,0,0,0,0,0,0,0,0,0,0,0,0,0,0,0,0,0,0,1,0,0,0,0,0,0,1,0,0,0,0,0,0,0,0,0,0,0,0,0,0,1,0,0,1,0,0,0,0,0,0,0,0,0,0,0,0,0,0,0,0,0,0,0,1,0,0,0,0
https://www.immowelt.de/expose/2afey55,"gro\u00dfz\u00fcgige 2 Zi-Altbau-Whg mit Balkon in Jugendstilhaus, renoviert in BESTLAGE Innenstadt",350000,EUR,68.41,2,1947.0,97072,WOHNUNG,ZUM_KAUF,APARTMENT,BUY,0,0,0,0,0,0,0,0,0,0,1,0,0,0,0,0,0,0,0,1,1,0,0,1,0,0,0,0,0,0,0,1,1,0,0,1,0,0,0,0,0,0,0,0,0,0,0,0,0,0,1,0,0,0,0,0,0,0,0,0,0,0,0,0,0,0,0,0,0,0,0,0,0,0,0,1,0,0,0,0,0,0
https://www.immowelt.de/expose/27x2957,KANT LIVE BETTER - Studentisches Wohnen in W\u00fcrzburg,212425,EUR,29.3,1,2022.0,97074,WOHNUNG,ZUM_KAUF,APARTMENT,BUY,0,0,0,0,0,0,0,0,0,0,0,0,0,1,0,0,0,0,0,0,0,0,0,1,0,1,0,0,0,0,0,0,0,0,0,0,0,0,0,0,0,0,0,1,0,1,0,1,0,0,0,1,1,0,0,1,0,0,1,1,1,0,0,0,0,0,0,0,0,0,0,0,0,0,1,0,0,0,1,0,0,1
https://www.immowelt.de/expose/29fze5h,Gem\u00fctliche 1-Zimmer-Wohnung mit Tiefgaragenstellplatz in zentrumsnaher Lage W\u00fcrzburg-Lengfeld,125000,EUR,28,1,1995.0,97076,WOHNUNG,ZUM_KAUF,APARTMENT,BUY,0,0,0,0,0,0,0,0,0,0,0,0,0,1,1,0,0,0,0,0,0,0,0,0,0,0,0,0,0,0,0,0,0,0,0,0,0,0,0,0,0,0,0,0,0,0,0,0,1,0,0,0,0,0,1,0,0,0,0,0,0,0,0,0,0,0,0,0,0,0,0,0,0,0,0,1,0,0,0,0,0,1
https://www.immowelt.de/expose/2amvg5l,Gefunden! Die perfekte und einzigartige Vereinigung von Geschichte und Moderne,225000,EUR,43,1,1731.0,97299,WOHNUNG,ZUM_KAUF,APARTMENT,BUY,0,0,0,0,1,0,0,0,0,1,0,0,0,1,1,0,1,0,0,0,1,0,0,0,0,0,0,0,0,0,0,1,0,0,0,0,0,1,0,1,0,0,0,0,0,0,0,0,0,0,0,0,0,0,0,0,0,0,0,0,0,0,1,0,0,0,0,0,0,0,0,0,0,0,0,0,0,0,0,0,0,1
https://www.immowelt.de/expose/29age5z,"4 Zi-Altbauwohnung, renoviert in Top-Zustand in W\u00fcrzburgs Bestlage Klein-Nizza-Park mit Terrasse...",650000,EUR,130.15,4,1947.0,97072,WOHNUNG,ZUM_KAUF,APARTMENT,BUY,0,0,0,0,0,0,0,0,0,0,1,0,0,0,0,0,1,0,0,1,1,0,0,1,0,0,0,0,0,0,0,1,1,0,0,1,0,0,0,0,0,0,0,0,0,0,0,0,0,0,1,0,0,0,0,0,0,0,0,0,0,0,0,0,0,0,0,0,0,0,1,0,0,1,0,0,0,0,0,1,0,0
https://www.immowelt.de/expose/2aa2b5e,Moderne Galeriewohnung mit 2 Stellpl\u00e4tzen und Einbauk\u00fcche,290000,EUR,78,2.5,1993.0,97084,WOHNUNG,ZUM_KAUF,APARTMENT,BUY,0,0,0,0,0,0,0,0,1,0,0,0,0,0,0,0,0,0,0,0,0,1,0,0,0,0,0,0,0,0,0,0,1,0,0,0,0,0,0,1,0,0,0,0,0,0,0,0,0,0,0,0,0,0,0,0,0,0,0,0,0,0,0,0,0,0,0,0,0,0,0,0,0,0,0,0,0,0,0,0,0,1
https://www.immowelt.de/expose/2a7mw55,"gro\u00dfz\u00fcgige 2,5 Z-DG-Maisonette-Whg, renoviert in Top-Zustand in BESTLAGE Ringpark / Innenstadt",309000,EUR,66.18,2,1947.0,97072,WOHNUNG,ZUM_KAUF,APARTMENT,BUY,0,0,0,0,0,0,0,0,0,0,1,0,0,0,0,0,0,0,0,1,1,0,0,1,0,0,0,0,0,0,0,1,1,0,0,1,0,0,0,0,0,0,0,0,0,0,0,0,0,0,1,0,0,0,0,0,0,0,0,0,0,0,0,0,0,0,0,0,0,0,0,0,0,0,0,0,0,0,0,0,0,0
https://www.immowelt.de/expose/29yne5z,"**RARIT\u00c4T** zauberhafte, helle 1 Zimmer- renovierte ALTBAU-Wohnung mit Charme in W\u00fc-Sanderau",185000,EUR,36.06,1,1947.0,97072,WOHNUNG,ZUM_KAUF,APARTMENT,BUY,0,0,0,0,0,0,0,0,0,0,1,0,0,0,0,0,0,0,0,1,0,0,0,0,0,0,0,0,0,0,0,1,1,0,0,1,0,0,0,0,0,0,0,0,0,0,0,0,0,0,1,0,0,0,0,0,0,0,0,0,0,0,0,0,0,0,0,0,0,0,0,0,0,0,0,0,0,1,0,0,0,0
https://www.immowelt.de/expose/27cbr54,"Gut geschnittene 3 ZW, mit Balkon, in Gerbrunn",229000,EUR,75.03,3,,97218,WOHNUNG,ZUM_KAUF,APARTMENT,BUY,1,0,0,0,1,0,0,0,0,0,0,0,0,0,0,0,0,0,0,0,1,0,0,1,0,1,0,1,0,0,0,1,0,0,0,0,0,0,0,1,0,0,0,0,0,1,1,0,0,0,0,0,0,0,0,0,0,0,0,1,0,0,0,0,0,0,0,0,0,0,0,0,0,0,0,0,0,1,0,0,0,1
https://www.immowelt.de/expose/28ma95j,"Gepflegte 2,5-Zimmerwohnung mit 2 Loggien in Toplage im Frauenland",328000,EUR,82,2.5,1982.0,97074,WOHNUNG,ZUM_KAUF,APARTMENT,BUY,0,0,0,0,0,0,0,0,0,0,0,0,0,0,1,0,0,0,0,1,0,0,0,0,0,0,0,0,0,0,0,1,0,0,0,0,0,0,0,0,0,0,0,0,0,0,0,0,0,0,0,0,0,0,0,0,0,1,0,1,0,0,0,0,0,0,0,0,0,0,0,0,0,0,0,0,0,0,0,0,0,0
https://www.immowelt.de/expose/29anu5n,WOHNEN IN DER N\u00c4HE DER UNIVERSIT\u00c4T AM HUBLAND,219000,EUR,75,3,1968.0,97218,WOHNUNG,ZUM_KAUF,APARTMENT,BUY,0,0,0,0,1,0,0,0,0,0,0,0,0,0,1,0,0,0,0,0,0,0,0,1,0,0,0,1,0,0,0,1,1,0,0,1,0,0,0,1,0,0,0,0,0,1,1,0,0,0,0,0,0,0,0,0,0,0,0,1,0,0,0,0,0,0,0,0,0,0,1,0,0,0,0,1,0,1,0,0,0,1
https://www.immowelt.de/expose/29vln5s,Helle 2-Zimmerwohnung mit Balkon und Einzelgarage in Lengfeld,169000,EUR,52,2,1973.0,97076,WOHNUNG,ZUM_KAUF,APARTMENT,BUY,0,0,0,0,0,0,0,0,0,0,0,0,0,0,1,0,0,0,0,0,0,0,0,0,0,0,1,0,0,0,0,0,0,0,0,0,0,0,0,0,0,0,0,0,0,0,0,0,0,0,0,0,0,0,1,0,0,1,0,0,0,0,0,0,0,0,0,0,0,0,0,0,0,0,0,0,0,0,0,0,0,1
https://www.immowelt.de/expose/27qsc5w,Attraktive Eigentumswohnung mit Tiefgaragen-Stellplatz in begehrter Lage in W\u00fcrzburg-Lengfeld,345000,EUR,100.37,4,1983.0,97076,WOHNUNG,ZUM_KAUF,APARTMENT,BUY,1,0,0,0,1,0,0,0,0,0,0,0,0,1,0,0,0,0,0,1,1,0,0,0,0,0,0,1,0,0,0,1,0,0,0,0,0,0,0,1,0,0,0,0,0,0,0,0,0,0,0,0,0,0,0,0,0,0,0,0,0,0,0,0,0,0,0,0,0,0,0,0,0,0,1,0,0,1,0,0,0,0
https://www.immowelt.de/expose/2ax8z55,+++ Sch\u00f6ne moderne Eigentumswohnung mit Balkon und Tiefgaragenplatz im Stadtteil Lengfeld +++,345000,EUR,82.62,3,2014.0,97076,WOHNUNG,ZUM_KAUF,APARTMENT,BUY,1,0,0,0,1,0,0,0,0,0,0,1,0,1,1,0,0,0,0,0,0,1,0,0,0,0,1,0,0,0,0,0,0,0,0,0,0,0,0,1,0,0,0,0,0,1,1,0,0,0,0,0,1,1,0,1,0,0,0,1,0,1,0,0,0,1,0,0,0,0,0,0,0,0,1,0,0,0,1,0,0,1
https://www.immowelt.de/expose/27jfx5s,Sch\u00f6nes 1-Zimmerappartement mit kleiner Terrasse in W\u00fcrzburg-Lengfeld,125000,EUR,35.04,1,1994.0,97076,WOHNUNG,ZUM_KAUF,APARTMENT,BUY,0,0,0,0,0,0,0,0,0,0,0,1,0,1,0,0,0,0,0,0,0,0,0,1,0,0,0,0,0,0,0,1,1,0,1,1,0,0,0,1,0,0,0,0,0,0,1,0,0,0,0,0,0,0,0,0,1,0,0,1,0,1,0,0,0,0,0,0,0,0,0,0,0,1,1,1,0,0,1,0,0,1
https://www.immowelt.de/expose/2attm59,Ger\u00e4umige Wohnung mit Fernblick und frei zum Selbstbezug !,,,106,4.5,1977.0,97076,WOHNUNG,ZUM_KAUF,APARTMENT,BUY,1,0,0,0,1,0,0,0,0,0,0,0,0,0,1,0,0,0,0,0,1,0,1,1,0,1,0,1,0,0,0,1,0,0,0,1,0,0,0,1,0,0,0,0,0,1,1,0,0,0,0,0,0,0,1,0,0,0,0,1,0,1,0,0,0,0,0,0,0,0,0,0,0,0,1,0,0,1,0,0,0,1
https://www.immowelt.de/expose/29k7x5h,Sch\u00f6ne 1-Zimmer-Wohnung mit Kfz-Stellplatz und Kellerabteil in zentrumsnaher Lage W\u00fcrzburg-Lengfeld,161000,EUR,38.86,1,1977.0,97076,WOHNUNG,ZUM_KAUF,APARTMENT,BUY,0,0,0,0,1,0,0,0,0,0,0,0,0,1,0,0,0,0,0,0,0,0,0,0,0,0,0,0,0,0,0,1,0,0,0,0,0,0,0,1,0,0,0,0,0,0,0,0,0,0,0,0,0,0,0,0,0,0,0,0,0,0,1,0,0,0,0,0,0,0,1,0,0,0,0,1,0,1,0,0,0,1
https://www.immowelt.de/expose/26kwj53,1-Zimmerwohnung mit Balkon und TG-Stellplatz,111500,EUR,35,1,1986.0,97218,WOHNUNG,ZUM_KAUF,APARTMENT,BUY,0,0,0,0,0,0,0,0,0,0,0,0,0,0,0,0,0,0,0,0,0,0,0,0,0,0,0,0,0,0,0,0,0,0,0,0,0,0,0,0,0,0,0,0,0,0,1,0,0,0,0,0,0,0,1,0,0,0,0,0,0,0,0,0,0,0,0,0,0,0,0,0,0,0,0,0,0,0,0,0,0,1
https://www.immowelt.de/expose/2agqj5a,Exklusives Angebot: Lichtdurchflutete 3-Zimmerwhg. mit Wertsteigerungspotenzial in zentraler Lage W\u00fc-Lengfeld,195000,EUR,78,3,1972.0,97076,WOHNUNG,ZUM_KAUF,APARTMENT,BUY,0,0,0,1,1,0,0,0,0,0,0,0,0,0,0,0,0,0,0,0,0,0,0,0,0,0,0,0,0,0,0,0,0,0,0,0,0,0,0,1,0,0,0,0,0,1,1,0,0,0,0,0,0,0,1,0,0,1,0,0,0,0,0,1,0,0,0,0,0,0,1,0,0,0,0,1,0,1,0,0,0,1
https://www.immowelt.de/expose/2ae8m58,Einziehen und Wohlf\u00fchlen! Gepflegte 4-Zimmer Wohnung in H\u00f6chberg,319999,EUR,96.83,4,1980.0,97204,WOHNUNG,ZUM_KAUF,APARTMENT,BUY,0,0,0,0,1,0,0,0,0,0,0,0,0,0,1,0,0,0,0,0,1,0,1,1,0,1,0,1,0,0,0,1,0,0,0,0,0,0,0,1,0,0,0,0,0,1,0,0,0,0,0,1,0,0,0,0,0,1,0,1,0,0,0,0,0,0,0,0,0,0,0,0,0,0,1,0,0,1,0,0,0,1
https://www.immowelt.de/expose/28wyu5z,"*RESERVIERT* 3 ZW, mit gro\u00dfer Terrasse, in einer energieeffizienten Neubauwohnanlage in Randersacker",549000,EUR,92,3,2024.0,97236,WOHNUNG,ZUM_KAUF,APARTMENT,BUY,1,0,0,0,1,0,0,0,0,0,0,0,0,1,0,1,0,0,0,0,1,0,0,1,0,1,1,1,0,0,0,0,0,0,0,0,0,0,0,0,0,0,0,0,0,1,0,0,0,1,0,0,1,0,0,0,0,1,0,1,0,0,0,0,0,0,0,0,0,0,0,0,0,0,0,0,0,0,0,0,0,1
https://www.immowelt.de/expose/27dq75s,"2 1/2 Zi ETW bezugsfrei, W\u00fc Versbach Maissonette, bezugsfrei, mit Balkon, Terrasse, Wintergarten, herrlich ruhige H\u00f6henlage",245000,EUR,67,2,1987.0,97078,WOHNUNG,ZUM_KAUF,APARTMENT,BUY,0,0,0,0,1,0,0,0,0,0,0,0,0,0,0,0,1,0,0,0,0,0,1,1,0,0,0,1,0,1,1,1,0,0,1,1,0,0,0,1,0,0,0,0,0,0,1,0,0,0,0,0,0,0,0,0,0,0,0,0,0,1,0,0,0,0,0,0,0,0,1,0,0,1,0,1,0,1,0,0,1,1
https://www.immowelt.de/expose/2afav5q,"Gut geschnittene 4,5-Zimmerwohnung mit zwei Balkonen in H\u00f6chberg (inkl. zwei Pkw-Stellpl\u00e4tzen)",275000,EUR,120,4.5,1969.0,97204,WOHNUNG,ZUM_KAUF,APARTMENT,BUY,0,0,0,0,0,0,0,0,0,0,0,0,0,0,0,0,0,0,0,0,0,0,0,0,0,0,0,0,0,0,0,0,0,0,0,0,0,0,0,0,0,0,0,0,0,0,0,0,0,0,0,0,0,0,1,0,0,0,0,0,0,0,0,0,0,0,0,0,0,0,0,0,0,0,0,0,0,0,0,0,0,1
https://www.immowelt.de/expose/28d6z5l,Kuscheliges 1 Zimmerapartment mit Balkon in Versbach,140000,EUR,37,1,1937.0,97078,WOHNUNG,ZUM_KAUF,APARTMENT,BUY,0,0,0,0,1,0,0,0,0,0,0,0,0,0,1,0,0,0,0,0,0,0,1,1,0,0,0,0,0,0,0,1,0,0,0,0,0,0,0,1,0,0,0,0,1,0,1,0,0,0,0,0,0,0,0,1,0,0,0,0,0,0,0,1,0,0,0,0,0,0,1,0,1,0,0,0,0,1,0,0,0,1
https://www.immowelt.de/expose/27cqx5x,Top 3-Zimmer Wohnung mit Balkon in W\u00fcrzburg Innenstadt zu verkaufen!,389700,EUR,84,3,,97070,WOHNUNG,ZUM_KAUF,APARTMENT,BUY,0,0,0,0,1,0,0,0,0,0,0,0,0,0,0,0,0,0,0,0,0,0,0,0,0,0,0,0,0,0,0,1,0,0,0,0,0,0,0,0,0,0,0,0,0,0,0,0,0,0,0,0,0,0,0,0,0,0,0,0,0,0,0,0,0,0,0,0,0,0,0,0,0,0,0,0,0,0,0,0,0,0
https://www.immowelt.de/expose/2ahqw5p,\Penthaus\ statt Penthouse,854900,EUR,156.54,4,2024.0,97074,WOHNUNG,ZUM_KAUF,APARTMENT,BUY,0,0,0,0,0,0,0,0,0,0,0,0,0,1,0,0,0,1,0,0,1,1,0,0,0,0,1,0,1,0,0,0,0,0,0,0,0,0,0,1,0,0,0,0,0,0,0,0,0,0,1,0,0,0,0,0,0,0,0,0,0,0,0,0,0,0,0,0,0,0,1,0,0,1,0,0,0,1,0,0,0,1
https://www.immowelt.de/expose/287av5z,Traumhafte 5 1/2 Penthousewohnung (barrierefrei) in einer energieeffizienten Neubauwohnanlage in Randersacker,1498000,EUR,187,5.5,2024.0,97236,WOHNUNG,ZUM_KAUF,APARTMENT,BUY,1,0,0,0,1,0,0,0,0,0,0,0,0,1,0,1,0,0,0,0,1,0,1,1,0,1,1,1,0,0,0,0,0,0,0,0,0,0,0,0,0,0,0,0,0,1,0,0,0,1,0,0,1,0,0,0,0,1,0,1,0,0,0,0,0,0,1,0,0,0,0,0,0,0,0,0,0,1,0,0,0,1
https://www.immowelt.de/expose/2avtn56,"Alles da, alles nah! Modern, gr\u00fcn und stadtnah wohnen. Neubau von 6 Eigentumswohnungen in W\u00fcrzburg-Oberd\u00fcrrbach",171700,EUR,36.61,1,2023.0,97080,WOHNUNG,ZUM_KAUF,APARTMENT,BUY,0,0,0,0,0,0,0,0,0,0,0,0,0,1,0,1,0,1,0,0,1,0,0,1,0,0,1,0,0,0,0,0,0,0,0,0,0,0,0,0,1,0,0,1,1,1,0,0,0,0,0,0,1,0,0,1,0,0,0,0,1,0,0,0,0,1,0,0,0,0,1,0,0,1,0,0,0,0,0,0,0,0
https://www.immowelt.de/expose/2adbr56,Neuer Grundriss nach Umplanung - 3-Zimmerneubauwohnung in kleiner Wohnanlage,379500,EUR,80.92,3,2022.0,97080,WOHNUNG,ZUM_KAUF,APARTMENT,BUY,1,0,0,0,0,0,0,0,0,0,0,1,0,1,0,1,1,0,0,0,1,0,0,0,0,0,1,0,0,0,0,0,0,0,0,0,0,0,0,0,1,0,0,1,1,1,0,0,0,1,0,0,1,0,0,0,0,0,0,0,1,0,0,0,0,1,0,0,0,0,1,0,0,1,0,0,0,1,0,0,0,0
https://www.immowelt.de/expose/2a4yv56,Perfekte Einzimmer Einsteigerwohnung in sch\u00f6ner Lage,171700,EUR,36.61,1,2022.0,97080,WOHNUNG,ZUM_KAUF,APARTMENT,BUY,0,0,0,0,1,0,0,0,0,0,0,1,0,1,0,1,0,0,0,0,0,0,0,0,0,0,1,0,0,0,0,0,0,0,0,0,0,0,0,0,1,0,0,1,1,1,0,0,0,1,0,0,1,0,0,0,0,0,0,0,1,0,0,0,0,1,0,0,0,0,1,0,0,0,0,0,0,0,0,0,0,0
https://www.immowelt.de/expose/2axtw5p,\Penthaus\ statt Penthouse,834900,EUR,149.36,4,2024.0,97074,WOHNUNG,ZUM_KAUF,APARTMENT,BUY,0,0,0,0,0,0,0,0,0,0,0,0,0,1,0,0,0,1,0,0,1,1,0,0,0,0,1,0,1,0,0,0,0,0,0,0,0,0,0,1,0,0,0,0,0,0,0,0,0,0,1,0,0,0,0,0,0,0,0,0,0,0,0,0,0,0,0,0,0,0,1,0,0,1,0,0,0,1,0,0,0,1
https://www.immowelt.de/expose/29tcs5y,Nebenkosten gegen Null!! Heizen mit hocheffizienter W\u00e4rmepumpe!! Gro\u00dfz\u00fcgige 3 ZW in ruhiger Lage!!,464500,EUR,78,,1960.0,97074,WOHNUNG,ZUM_KAUF,APARTMENT,BUY,0,0,0,0,0,0,0,0,0,0,0,0,0,0,0,0,0,0,0,0,0,0,0,0,0,0,1,0,0,0,0,0,0,0,0,1,0,0,0,1,0,0,0,0,0,0,0,0,0,1,0,0,0,0,0,0,0,0,0,0,0,0,1,0,0,0,0,0,0,0,0,0,0,0,0,0,0,0,0,0,0,0
https://www.immowelt.de/expose/2axkw5p,\Penthaus\ statt Penthouse,824900,EUR,149.36,4,2024.0,97074,WOHNUNG,ZUM_KAUF,APARTMENT,BUY,0,0,0,0,0,0,0,0,0,0,0,0,0,1,0,0,0,1,0,0,1,1,0,0,0,0,1,0,1,0,0,0,0,0,0,0,0,0,0,1,0,0,0,0,0,0,0,0,0,0,1,0,0,0,0,0,0,0,0,0,0,0,0,0,0,0,0,0,0,0,1,0,0,1,0,0,0,1,0,0,0,1
https://www.immowelt.de/expose/29qd25s, sch\u00f6n geschnittene  3-Zimmer Wohnung in W\u00fcrzburg Frauenland/Keesburg ,330000,EUR,80,3.5,1985.0,97074,WOHNUNG,ZUM_KAUF,APARTMENT,BUY,1,0,0,0,1,1,0,0,0,0,0,1,0,0,0,0,0,0,0,0,0,0,0,0,0,1,0,0,0,0,0,1,1,0,1,0,0,0,0,1,0,0,0,0,0,0,0,0,0,0,0,0,0,0,0,0,0,0,0,1,0,0,0,0,0,0,0,0,0,0,0,0,1,0,1,0,0,1,1,0,0,1
https://www.immowelt.de/expose/2a88m56,Pflegeimmobilie langfristig vermietet! Keine Eigennutzung m\u00f6glich!,274899,EUR,58,1,2025.0,97070,WOHNUNG,ZUM_KAUF,APARTMENT,BUY,0,0,0,0,0,0,0,0,0,0,0,0,0,0,0,0,0,0,0,0,0,0,0,0,0,0,0,0,0,0,0,0,1,0,0,0,0,0,0,0,0,0,0,0,0,0,0,0,0,0,0,0,0,0,0,0,0,0,0,0,1,0,0,0,0,0,0,0,0,0,0,0,0,0,0,0,0,0,0,0,0,0
https://www.immowelt.de/expose/2ahkl5q,Baugemeinschaft sucht Mitglied f\u00fcr eine 3-Zimmerwohnung in einem Mehrfamilienhaus in W\u00fcrzburg Hubland,475000,EUR,88.62,3,2025.0,97074,WOHNUNG,ZUM_KAUF,APARTMENT,BUY,0,0,0,0,1,0,0,0,0,0,0,0,0,0,0,0,0,0,0,0,1,1,0,0,0,0,1,1,0,0,1,0,0,0,0,0,0,0,0,1,0,0,0,0,0,0,0,0,0,1,0,0,1,0,0,0,0,0,0,0,1,0,0,0,0,0,0,0,0,0,0,0,0,0,0,0,0,0,0,0,0,0
https://www.immowelt.de/expose/2a7k259,Maisonette Wohn(t)raum zum sofort Einziehen!,309000,EUR,70,2,1988.0,97074,WOHNUNG,ZUM_KAUF,APARTMENT,BUY,0,0,0,0,1,0,0,0,0,0,0,0,0,1,1,0,0,0,0,0,1,0,0,0,0,0,0,1,0,0,0,1,1,0,0,0,0,0,0,1,0,0,0,0,0,0,0,0,0,0,0,0,0,0,0,0,0,0,0,0,0,0,0,0,0,0,0,0,0,0,1,0,0,0,0,0,0,1,1,0,0,1
https://www.immowelt.de/expose/29fzx5h,** Frisch sanierte 3-Zimmer-ETW ** bezugsfrei! Perfekt f\u00fcr 3er WG!,299400,EUR,65.74,3,1965.0,97080,WOHNUNG,ZUM_KAUF,APARTMENT,BUY,0,0,0,0,0,0,0,0,0,0,0,1,0,0,0,0,0,0,0,1,0,0,0,1,0,1,0,0,0,0,0,1,0,0,0,0,0,0,0,1,0,0,0,0,1,1,1,0,0,0,0,0,0,0,0,0,0,0,0,0,1,1,0,0,0,0,0,0,0,0,0,0,0,0,0,0,0,1,0,0,0,0
https://www.immowelt.de/expose/2ab2h5f,Stadtnah und ruhige Lage zugleich - 1-Zimmer-Wohnung mit Balkon &a; Garage,179000,EUR,46,1,1973.0,97074,WOHNUNG,ZUM_KAUF,APARTMENT,BUY,0,0,0,0,1,0,0,0,0,0,0,0,0,0,0,0,0,0,0,1,1,0,0,0,0,0,0,0,0,0,0,1,0,0,0,0,0,0,0,1,0,0,0,0,0,0,0,0,0,0,0,0,0,0,0,0,0,0,0,0,1,0,0,0,0,0,0,0,0,0,0,0,0,0,0,0,0,1,0,0,0,0
https://www.immowelt.de/expose/29ul55x,Vom Schmiedefeuer zur modernen \u00c4sthetik: Einzigartiges Loft in einer umgebauten Schlosserei!!,439700,EUR,78,2,1960.0,97074,WOHNUNG,ZUM_KAUF,APARTMENT,BUY,0,0,0,0,0,0,0,1,0,0,0,0,0,0,0,0,0,0,0,0,0,0,0,0,0,0,1,0,0,0,0,0,0,0,0,1,0,0,0,1,0,0,0,0,0,0,0,0,0,1,0,0,0,0,0,0,0,0,0,0,0,0,1,0,0,0,0,0,0,0,0,0,0,0,1,0,0,0,0,0,0,0
https://www.immowelt.de/expose/2a6yb59,Baugemeinschaft sucht Mitglied f\u00fcr eine 2 Zi. Wohnung in einem Mehrfamilienhaus in W\u00fcrzburg Hubland,415000,EUR,79.04,2,2025.0,97074,WOHNUNG,ZUM_KAUF,APARTMENT,BUY,0,0,0,0,1,0,0,0,0,0,0,0,0,0,0,0,0,0,0,0,0,1,0,0,0,0,1,0,0,0,1,0,0,0,0,0,0,0,0,1,0,0,0,0,0,0,0,0,0,1,0,0,1,0,0,0,0,0,0,0,1,0,0,0,0,0,0,0,0,0,0,0,0,0,0,0,0,0,0,0,0,0
https://www.immowelt.de/expose/2axtb59,Baugemeinschaft sucht Mitglied f\u00fcr eine 4 Zi Wohnung in einem Mehrfamilienhaus in W\u00fcrzburg Hubland,671000,EUR,127.85,4,2025.0,97084,WOHNUNG,ZUM_KAUF,APARTMENT,BUY,0,0,0,0,1,0,0,0,0,0,0,0,0,0,0,0,0,0,0,0,0,1,0,0,0,0,1,0,0,0,1,0,0,0,0,0,0,0,0,0,0,0,0,0,0,0,0,0,0,1,0,0,1,0,0,0,0,0,0,0,1,0,0,0,0,0,0,0,0,0,0,0,0,0,0,0,0,0,0,0,0,0
https://www.immowelt.de/expose/29kqw59,3-Zimmerwohnung in W\u00fcrzburg-Gromb\u00fchl,330000,EUR,94.75,3,1950.0,97080,WOHNUNG,ZUM_KAUF,APARTMENT,BUY,0,0,0,0,1,0,0,0,0,0,0,0,0,0,0,0,0,0,0,0,1,0,0,1,0,0,0,0,0,0,0,0,0,0,0,1,0,0,0,1,0,0,0,0,0,1,1,0,0,0,0,0,0,0,0,0,0,0,0,0,0,0,0,0,0,0,0,0,0,0,0,0,0,0,0,1,0,1,1,0,0,1
https://www.immowelt.de/expose/29suw59,3-Zimmerwohnung in W\u00fcrzburg-Gromb\u00fchl,235000,EUR,67.28,3,1950.0,97080,WOHNUNG,ZUM_KAUF,APARTMENT,BUY,0,0,0,0,1,0,0,0,0,0,0,0,0,0,0,0,0,0,0,0,1,0,0,1,0,0,0,0,0,0,0,1,0,0,0,1,0,0,0,1,0,0,0,0,0,1,1,0,0,0,0,0,0,0,0,0,0,0,0,0,0,0,0,0,0,0,0,0,0,0,0,0,0,0,0,1,0,1,1,0,0,1
https://www.immowelt.de/expose/2933x59,1-Zimmerwohnung in W\u00fcrzburg-Gromb\u00fchl,128000,EUR,36.5,1,1950.0,97080,WOHNUNG,ZUM_KAUF,APARTMENT,BUY,0,0,0,0,0,0,0,0,0,0,0,0,0,0,0,0,0,0,0,0,1,0,0,1,0,0,0,0,0,0,0,1,0,0,0,1,0,0,0,1,0,0,0,0,0,1,1,0,0,0,0,0,0,0,0,0,0,0,0,0,0,0,0,0,0,0,0,0,0,0,0,0,0,0,0,1,0,1,1,0,0,1
https://www.immowelt.de/expose/296n754,Attraktives Investment durch vermietetes Renditeobjekt in guter W\u00fcrzburger Wohnlage,179000,EUR,41.07,1,1963.0,97074,WOHNUNG,ZUM_KAUF,APARTMENT,BUY,1,0,0,0,1,0,0,0,0,0,0,0,0,0,1,0,0,0,0,0,0,0,0,1,0,0,0,0,0,0,0,1,1,0,0,0,0,0,0,0,0,0,0,0,0,0,0,0,0,0,0,0,0,0,0,0,0,1,0,0,0,0,0,0,0,0,0,0,0,0,0,0,0,0,0,1,0,0,0,0,0,1
https://www.immowelt.de/expose/29czx5h,** Frisch sanierte 3-Zimmer-ETW ** bezugsfrei! Perfekt f\u00fcr 3er WG!,299619,EUR,68.72,3,1965.0,97080,WOHNUNG,ZUM_KAUF,APARTMENT,BUY,0,0,0,0,0,0,0,0,0,0,0,1,0,0,0,0,0,0,0,1,0,0,0,1,0,1,0,0,0,0,0,1,0,0,0,0,0,0,0,1,0,0,0,0,1,1,1,0,0,0,0,0,0,0,0,0,0,0,0,0,1,1,0,0,0,0,0,0,0,0,0,0,0,0,0,0,0,1,0,0,0,0
https://www.immowelt.de/expose/29lyw59,3-Zimmerwohnung in W\u00fcrzburg-Gromb\u00fchl,330000,EUR,94.75,3,1950.0,97080,WOHNUNG,ZUM_KAUF,APARTMENT,BUY,0,0,0,0,1,0,0,0,0,0,0,0,0,0,0,0,0,0,0,0,0,0,0,1,0,0,0,0,0,0,0,1,0,0,0,1,0,0,0,0,0,0,0,0,0,1,1,0,0,0,0,0,0,0,0,0,0,0,0,0,0,0,0,0,0,0,0,0,0,0,0,0,0,0,0,1,0,0,0,0,0,1
https://www.immowelt.de/expose/2a76n5h,Kapitalanlage! 3 Zimmer in gefragter Lage,299000,EUR,68.22,3,1983.0,97072,WOHNUNG,ZUM_KAUF,APARTMENT,BUY,0,0,0,0,0,0,0,0,0,0,0,0,0,0,0,0,1,0,0,1,0,0,0,0,0,0,0,0,0,0,0,1,0,0,0,0,0,0,0,1,0,0,0,0,0,0,0,0,0,0,0,0,0,0,0,0,0,0,0,0,0,0,0,0,0,0,0,0,0,0,0,0,0,0,0,0,0,0,1,0,0,0
https://www.immowelt.de/expose/2a58n5h,3-Zimmer-Wohnung in zentraler Lage,359000,EUR,75.88,3,1983.0,97072,WOHNUNG,ZUM_KAUF,APARTMENT,BUY,0,0,0,0,0,0,0,0,0,0,0,0,0,0,0,0,0,0,0,1,0,0,0,0,0,0,0,0,0,0,0,1,0,0,0,0,0,0,0,1,0,0,0,0,0,0,0,0,0,0,0,0,0,0,0,0,0,0,0,0,0,0,0,0,0,0,0,0,0,0,0,0,0,0,0,0,0,0,1,0,0,0
https://www.immowelt.de/expose/28pu35g,In sehr guter Lage mit Blick auf Main &a; Festung,370000,EUR,98,3,1956.0,97072,WOHNUNG,ZUM_KAUF,APARTMENT,BUY,0,0,0,0,1,0,0,0,0,1,0,0,0,1,1,0,0,0,0,1,0,0,0,0,0,0,0,0,0,0,0,1,0,0,0,0,0,0,0,1,0,0,0,0,0,0,1,0,0,0,0,0,0,0,0,0,0,0,0,0,0,0,1,0,0,0,0,0,0,0,0,0,0,0,0,0,0,1,0,0,0,0
https://www.immowelt.de/expose/29r9658,Toplage am Ringpark mit 2 Balkonen - bezugsfrei!,425000,EUR,91,3,1956.0,97070,WOHNUNG,ZUM_KAUF,APARTMENT,BUY,1,1,0,0,1,0,0,0,0,0,0,0,0,1,1,0,0,0,0,1,0,0,0,0,0,0,0,0,0,0,0,0,0,0,0,0,0,0,0,1,0,0,0,0,0,0,0,0,0,0,0,0,0,0,0,0,0,1,0,0,0,0,1,0,0,0,0,0,0,0,0,0,0,0,0,0,0,1,0,0,0,0
https://www.immowelt.de/expose/2afwd5q,"Etagenwohnung in 97072 W\u00fcrzburg, Friedrich-Spee-Str.",138000,EUR,31,1,1973.0,97072,WOHNUNG,ZUM_KAUF,APARTMENT,COMPULSORY_AUCTION,0,0,0,0,0,0,0,0,0,0,0,0,0,0,0,0,0,0,0,0,0,0,0,0,0,0,0,0,0,0,0,0,0,0,0,0,0,0,0,1,0,0,0,0,0,0,0,0,0,0,0,0,0,0,0,0,0,0,0,0,0,0,0,0,0,0,0,0,0,0,0,0,0,0,0,0,0,0,0,0,0,0
https://www.immowelt.de/expose/29tsj5k,Hell &a; Vermietet: 4-Zi-Whg n\u00e4he des Residenzgartens,370000,EUR,93,4,1960.0,97072,WOHNUNG,ZUM_KAUF,APARTMENT,BUY,1,0,0,0,1,0,0,0,0,0,0,0,0,0,1,0,0,0,0,1,0,0,0,1,0,0,0,0,0,0,0,1,1,0,0,0,0,0,0,1,0,0,0,0,0,0,1,0,0,0,0,0,0,0,0,0,0,1,0,0,0,0,0,0,0,0,0,0,0,0,0,0,0,0,0,1,0,1,0,0,0,0
https://www.immowelt.de/expose/28r565e,"Hochwertige 4 ZW City Sanderau, Balkon, EBK, TG, Bj. 2012, 55kw ",669000,EUR,102,4,2012.0,97072,WOHNUNG,ZUM_KAUF,APARTMENT,BUY,1,0,0,0,0,1,0,0,0,0,0,1,0,1,1,0,0,0,0,0,0,0,0,1,0,0,1,1,0,0,0,0,0,0,0,1,1,0,0,1,0,1,0,1,0,1,0,0,1,0,0,0,1,0,0,0,0,0,1,1,0,0,0,0,0,0,0,0,1,0,0,1,0,0,1,0,0,1,1,1,0,1
https://www.immowelt.de/expose/29hj35w,Lebensqualit\u00e4t in zentraler Lage!,360000,EUR,91.76,3,1956.0,97072,WOHNUNG,ZUM_KAUF,APARTMENT,BUY,1,0,0,0,1,0,0,0,0,0,0,0,0,1,1,0,0,0,0,1,1,0,0,1,0,0,0,0,0,0,0,1,0,0,0,0,0,0,0,1,0,0,0,0,0,0,0,1,0,0,0,0,0,0,0,0,0,1,0,0,0,0,0,0,0,0,0,0,0,0,0,0,0,0,0,0,0,0,0,0,0,0
https://www.immowelt.de/expose/2a6f758,Eigentumswohnung in super Lage von W\u00fcrzburg,170000,EUR,35.05,1,1992.0,97074,WOHNUNG,ZUM_KAUF,APARTMENT,BUY,0,0,0,0,1,0,0,0,0,0,0,0,0,0,0,0,0,0,0,0,0,0,0,0,0,0,0,0,0,0,0,1,1,0,0,1,0,0,0,1,0,0,0,0,0,0,0,0,0,0,0,0,0,0,0,0,0,0,0,1,0,0,0,0,0,0,0,0,0,0,1,0,0,0,0,1,0,0,0,0,0,0
https://www.immowelt.de/expose/2966q5y,"Zentrale Lage, renoviert, bezugsfrei und WG geeignet inkl. Stellplatz",298000,EUR,65,3,1956.0,97072,WOHNUNG,ZUM_KAUF,APARTMENT,BUY,0,0,0,0,0,0,0,0,0,0,0,0,1,0,1,0,0,0,0,0,1,0,0,0,0,0,0,0,0,0,0,1,0,0,0,0,0,0,0,0,0,0,0,0,0,0,0,0,0,0,0,0,0,0,0,0,0,0,0,0,0,0,0,0,0,0,0,0,0,0,0,0,0,0,0,0,0,1,0,0,0,0
https://www.immowelt.de/expose/29dnh5l,"Super Lage, n\u00e4he Sanderstra\u00dfe!",165000,EUR,40,2,1954.0,97070,WOHNUNG,ZUM_KAUF,APARTMENT,BUY,0,0,0,0,0,0,0,0,0,0,0,0,0,0,0,0,1,0,0,1,0,0,0,0,0,0,0,0,0,0,0,1,1,0,0,1,0,0,0,1,0,0,0,0,0,0,0,0,0,0,0,0,0,0,0,0,0,0,0,0,0,0,0,0,0,0,0,0,0,0,0,0,0,0,0,0,0,0,0,0,0,0
https://www.immowelt.de/expose/2akd758,2-Zimmerwohnung in super Lage von W\u00fcrzburg,340000,EUR,70,2,1992.0,97074,WOHNUNG,ZUM_KAUF,APARTMENT,BUY,0,0,0,0,1,0,0,0,1,0,0,0,0,0,0,0,0,0,0,0,0,0,0,0,0,0,0,0,0,0,0,1,1,0,0,0,0,0,0,1,0,0,0,0,0,0,0,0,0,0,0,0,0,0,0,0,0,0,0,1,0,0,0,0,0,0,0,0,0,0,1,0,0,0,0,0,0,0,0,0,0,0
https://www.immowelt.de/expose/2acd758,Apartment in super Lage von W\u00fcrzburg,170000,EUR,31.42,1,1992.0,97074,WOHNUNG,ZUM_KAUF,APARTMENT,BUY,0,0,0,0,1,0,0,0,0,0,0,0,0,0,0,0,0,0,0,0,0,0,0,0,0,0,0,0,0,0,0,1,1,0,0,1,0,0,0,1,0,0,0,0,0,0,0,0,0,0,0,0,0,0,0,0,0,0,0,1,0,0,0,0,0,0,0,0,0,0,1,0,0,0,0,0,0,0,0,0,0,0
https://www.immowelt.de/expose/29vjv5q,2-Zimmer-Eigentumswohnung mit Gartenanteil in W\u00fcrzburg / Frauenland,449000,EUR,95.4,2,2017.0,97074,WOHNUNG,ZUM_KAUF,APARTMENT,BUY,1,0,0,0,0,0,0,0,0,0,0,1,0,1,1,1,1,0,0,0,1,0,0,1,0,0,1,1,0,1,1,1,0,1,0,1,0,0,0,1,0,0,0,0,0,1,0,0,0,0,0,0,1,0,0,0,0,1,0,1,0,0,0,0,0,0,0,0,0,0,0,0,0,1,1,1,0,1,1,0,0,1
https://www.immowelt.de/expose/2ay635l,"Toplage am Ringpark mit Balkon, Garage und Festungsblick  - bezugsfrei!",298000,EUR,65,3,1956.0,97072,WOHNUNG,ZUM_KAUF,APARTMENT,BUY,0,0,0,0,1,0,0,0,0,0,0,0,0,1,1,0,0,0,0,0,1,0,0,1,0,0,0,0,1,0,0,0,0,0,0,0,0,0,0,1,0,0,0,0,0,0,0,0,0,0,0,0,0,0,0,0,0,1,0,0,0,0,1,0,0,0,0,0,0,0,0,0,0,0,0,0,0,1,0,0,0,0
https://www.immowelt.de/expose/2a2xy5e,Clever geschnittene 3-Zimmer-Wohnung mit Balkon in der Sanderau,239000,EUR,71.59,3,1964.0,97072,WOHNUNG,ZUM_KAUF,APARTMENT,BUY,1,0,0,0,1,0,0,0,0,0,0,0,0,0,1,0,0,0,0,0,0,0,0,1,0,0,0,0,0,0,0,1,1,0,0,1,0,0,0,1,0,0,0,0,0,1,0,1,1,0,1,0,0,0,0,0,0,0,0,1,0,0,0,0,0,0,0,0,1,0,0,0,0,0,0,1,0,1,0,1,0,0
https://www.immowelt.de/expose/2amm65h,"Inflationsgesch\u00fctzte Kapitalanlage mit bis zu 4,60 % Rendite",,,,,,97070,WOHNUNG,ZUM_KAUF,APARTMENT,BUY,0,0,0,0,0,0,0,0,0,0,0,0,0,0,0,0,0,0,0,0,0,0,0,0,0,0,0,0,0,0,0,0,0,0,0,0,0,0,0,0,0,0,0,0,0,0,0,0,0,0,0,0,0,0,0,0,0,0,0,0,1,0,0,0,0,0,0,0,0,0,0,0,0,0,0,0,0,0,0,0,0,0
https://www.immowelt.de/expose/2a8mg5a,**provisionsfrei** Lichtdurchflutete Wohnung auf 2 Ebenen,159000,EUR,44.54,2.5,1993.0,97084,WOHNUNG,ZUM_KAUF,APARTMENT,BUY,0,0,0,0,0,0,0,0,0,0,0,0,0,1,1,0,0,0,0,0,0,1,0,0,0,0,0,0,0,0,0,0,1,0,0,0,0,0,0,1,0,0,0,0,0,1,1,0,0,0,1,0,0,0,0,0,0,0,0,0,1,0,0,0,0,0,0,0,0,0,0,0,0,0,1,0,0,0,0,0,0,1
https://www.immowelt.de/expose/2adge55,"Sch\u00f6ne sonnige 1 Zimmerwohnung  mit S\u00fcdbalkon im Frauenland (Festungsblick, Kirchturmpanorama) Frei ab Oktober ",190000,EUR,37,1.5,1984.0,97074,WOHNUNG,ZUM_KAUF,APARTMENT,BUY,0,0,0,0,1,0,0,0,0,0,0,0,0,0,0,0,0,0,0,0,0,0,0,0,0,0,0,0,0,0,0,1,0,0,0,0,0,0,1,1,0,0,0,0,0,0,0,0,0,0,0,0,0,0,0,0,0,0,0,0,1,0,1,0,0,0,0,0,0,0,0,0,0,0,0,0,0,0,0,0,0,1
https://www.immowelt.de/expose/2947j5s,"Wohlf\u00fchlen in heller, interessanter 3Z-DG-Whg mit Wintergarten und Gartenanteil",219000,EUR,81,3,1984.0,97078,WOHNUNG,ZUM_KAUF,APARTMENT,BUY,1,0,0,0,0,0,0,0,1,0,0,0,0,1,1,0,0,0,0,1,1,0,0,1,0,0,0,1,0,1,0,0,1,0,0,0,0,0,0,1,0,0,0,0,0,0,0,0,0,0,0,0,0,0,0,0,0,1,0,0,0,0,0,0,0,0,0,0,0,0,1,0,0,0,0,0,0,1,1,0,1,0
https://www.immowelt.de/expose/2a88h54,Modernisiert &a; in beliebter Lage mit 2 Balkonen!,320000,EUR,84,3,1946.0,97072,WOHNUNG,ZUM_KAUF,APARTMENT,BUY,0,0,0,0,1,0,0,0,0,0,0,0,0,1,0,0,0,0,0,0,1,0,0,1,0,0,0,0,0,0,0,1,0,0,0,0,0,0,0,0,0,0,0,0,0,0,1,0,0,0,0,0,0,0,0,0,0,0,0,0,0,0,0,0,0,0,0,0,0,0,0,0,0,0,0,1,0,1,0,0,0,1
https://www.immowelt.de/expose/2akmg5a,Vermietete 2-Zimmer-Wohnung mit cleverem Schnitt **provisionsfrei**,179000,EUR,59.62,2,1993.0,97084,WOHNUNG,ZUM_KAUF,APARTMENT,BUY,0,0,0,0,0,0,0,0,0,0,0,0,0,0,1,0,0,0,0,0,0,1,0,1,0,0,0,0,0,0,0,0,1,0,0,0,0,0,0,1,0,0,0,0,0,1,0,1,0,0,1,0,0,0,0,0,0,0,0,0,1,0,0,0,0,0,0,0,0,0,1,0,0,0,1,0,0,1,0,0,0,1
https://www.immowelt.de/expose/2a6rj5h,Wohnen mit Garten im CUBE ONE : Nachhaltig Wohnen mit KFW 40 Provisionsfrei &a; barrierefrei,549000,EUR,89.08,3,2024.0,97204,WOHNUNG,ZUM_KAUF,APARTMENT,BUY,0,0,0,0,0,0,0,0,0,0,0,0,0,0,0,0,0,1,0,0,0,0,0,0,0,0,0,0,0,0,0,0,0,0,0,0,0,0,0,0,0,0,0,0,0,0,0,0,0,0,0,0,0,0,0,0,0,0,0,0,0,0,0,0,0,0,0,0,0,0,0,0,0,0,0,0,0,0,0,0,0,0
https://www.immowelt.de/expose/2a8ed5q,Kleines City-Gl\u00fcck!,139000,EUR,28.22,1,1978.0,97070,WOHNUNG,ZUM_KAUF,APARTMENT,BUY,0,0,0,0,0,0,0,0,0,0,0,0,0,0,1,0,0,0,0,0,0,0,0,0,0,0,0,0,0,0,0,1,1,0,0,0,0,0,0,0,0,0,0,0,0,0,0,0,0,0,0,0,0,0,0,0,0,0,0,1,0,0,0,0,0,0,0,0,0,0,0,0,0,0,0,0,0,0,0,0,0,1
https://www.immowelt.de/expose/2adlj5h,Penthouse im CUBE ONE : Nachhaltig Wohnen mit KFW 40. Provisionsfrei &a; barrierefrei,549000,EUR,80.9,3,2024.0,97204,WOHNUNG,ZUM_KAUF,APARTMENT,BUY,0,0,0,0,1,1,0,0,0,0,0,0,0,0,0,0,0,1,0,0,0,0,0,0,0,0,0,0,0,0,0,0,0,0,0,0,0,0,0,0,0,0,0,0,0,0,0,0,0,0,0,0,0,0,0,0,0,1,0,1,1,0,0,0,0,0,0,0,0,0,0,0,0,0,0,0,0,0,0,0,0,0
https://www.immowelt.de/expose/2ax9u52,Gro\u00dfz\u00fcgiges Wohnen f\u00fcr die Familie,360000,EUR,109,5,1994.0,97084,WOHNUNG,ZUM_KAUF,APARTMENT,BUY,1,0,0,0,1,0,0,0,0,0,0,0,0,1,1,0,0,0,0,0,1,0,0,1,0,0,0,1,0,0,0,1,0,0,0,0,0,0,0,1,0,0,0,0,0,0,0,0,0,0,1,0,0,0,0,0,0,1,0,0,0,0,0,0,0,0,0,0,0,0,0,0,1,0,0,0,0,1,0,0,0,1
https://www.immowelt.de/expose/27y9v5h,3-Zimmer-Eigentumswohnung in Rottendorf,295000,EUR,96.19,3,1972.0,97228,WOHNUNG,ZUM_KAUF,APARTMENT,BUY,0,0,0,1,1,0,0,0,0,0,0,1,0,0,0,0,0,0,0,0,0,0,1,1,0,0,0,0,0,0,0,1,1,0,0,0,0,0,0,1,0,0,0,0,0,1,1,0,0,0,0,0,0,0,0,0,0,0,0,1,0,0,0,0,0,0,0,0,0,0,0,0,0,0,1,1,0,1,0,0,0,1
https://www.immowelt.de/expose/2a8kc53,Hier f\u00fchlt sich Ihr Mieter wohl!,199000,EUR,62,2.5,1987.0,97209,WOHNUNG,ZUM_KAUF,APARTMENT,BUY,1,0,0,0,1,0,0,0,1,0,0,0,0,1,1,0,0,0,0,0,0,0,0,1,0,0,0,0,0,0,0,0,0,0,0,0,0,0,0,1,0,0,0,0,0,0,1,1,0,0,1,0,0,0,0,0,0,0,0,0,0,0,0,0,0,0,0,0,0,0,0,0,0,0,0,1,0,0,0,0,0,1
https://www.immowelt.de/expose/2a7tp5e,Gepflegte 2-Zimmer Wohnung W\u00fcrzburg/Heuchelhof,165000,EUR,58.89,2,1994.0,97084,WOHNUNG,ZUM_KAUF,APARTMENT,BUY,0,0,0,0,0,0,0,0,0,0,0,0,1,0,0,0,0,0,0,0,0,0,0,0,0,0,0,0,0,0,0,1,1,0,0,0,0,0,0,1,0,0,0,0,1,0,0,0,0,0,0,0,0,0,0,0,0,0,0,0,0,0,0,0,0,0,0,0,0,0,0,0,0,0,0,0,0,1,0,0,0,1
https://www.immowelt.de/expose/29z8a5g,"4-Zimmer-ETW am Heuchelhof! Super Grundriss, Sonnenbalkon, ruhig gelegen und geringe Energiekosten!",325000,EUR,99,4,1990.0,97084,WOHNUNG,ZUM_KAUF,APARTMENT,BUY,1,0,0,0,1,0,0,0,0,0,0,0,0,1,1,0,0,0,0,1,1,0,0,1,0,0,0,1,0,0,0,1,1,0,0,0,0,0,0,1,0,0,0,0,0,0,0,0,0,0,0,0,0,0,0,0,0,0,0,0,0,0,0,0,0,0,0,0,0,0,1,0,1,0,0,0,0,1,0,0,0,0
https://www.immowelt.de/expose/2azlj5h,CUBE ONE : Nachhaltig Wohnen mit KFW 40. Provisionsfrei &a; barrierefrei,549000,EUR,90.13,3,2024.0,97204,WOHNUNG,ZUM_KAUF,APARTMENT,BUY,0,0,0,0,0,0,0,0,0,0,0,0,0,0,0,0,0,1,0,0,0,0,0,0,0,0,0,0,0,0,0,0,0,0,0,0,0,0,0,0,0,0,0,0,0,0,0,0,0,0,0,0,0,0,0,0,0,0,0,0,1,0,0,0,0,0,0,0,0,0,0,0,0,0,0,0,0,0,0,0,0,0
https://www.immowelt.de/expose/2aa8w55,Ried 67.2 - EINWANDFREI,645000,EUR,119.82,4,,97230,WOHNUNG,ZUM_KAUF,APARTMENT,BUY,0,0,0,0,0,0,0,0,0,0,0,0,0,0,0,0,0,1,0,0,0,0,0,0,0,0,1,1,0,0,0,0,0,0,0,0,0,0,0,1,0,0,0,0,0,0,0,0,0,1,0,0,0,0,0,0,0,0,0,1,1,0,0,0,0,0,0,0,0,0,0,0,0,1,0,0,0,0,0,0,0,0
https://www.immowelt.de/expose/29w9q58,Appartement mit Einbauk\u00fcche und TG-Stellplatz,145000,EUR,39.53,1,1994.0,97084,WOHNUNG,ZUM_KAUF,APARTMENT,BUY,0,0,0,0,0,0,0,0,0,0,0,0,0,0,0,0,0,0,0,0,0,0,0,0,0,0,0,0,0,0,0,1,0,0,0,0,0,0,0,0,0,0,0,0,0,0,0,0,0,0,0,0,0,0,0,0,0,0,0,0,0,0,0,0,0,0,0,0,0,0,0,0,0,0,1,0,0,0,0,0,0,0
https://www.immowelt.de/expose/26dgt5p,Attraktive &a; gro\u00dfz\u00fcgige 4 Zimmer Wohnung mit Balkon - TG &a; Stellplatz,299000,EUR,114,4,1991.0,97228,WOHNUNG,ZUM_KAUF,APARTMENT,BUY,0,0,0,0,1,0,0,0,1,0,0,0,0,0,1,0,0,0,0,0,0,0,0,0,0,0,0,1,0,0,0,1,1,0,0,0,0,0,0,1,0,0,0,0,0,0,1,0,0,0,0,0,0,0,0,0,0,0,0,0,0,0,0,0,0,0,0,0,0,0,0,0,0,0,1,0,0,0,0,0,0,1
https://www.immowelt.de/expose/29h5m5n,"Helle, gut geschnittene Dachgeschosswohnung mit Balkon",234000,EUR,73.45,3,1992.0,97299,WOHNUNG,ZUM_KAUF,APARTMENT,BUY,0,0,0,0,1,0,0,0,1,0,0,0,0,1,0,0,0,0,0,0,0,0,0,0,0,0,0,0,0,0,0,1,1,0,0,1,0,0,0,0,0,0,0,0,0,0,0,0,0,0,1,0,0,0,0,1,0,0,0,0,0,0,0,0,0,0,0,0,0,0,1,0,0,0,0,0,0,1,0,0,0,1
https://www.immowelt.de/expose/2939v5q,Stilvolle Eleganz - Ziegelaustra\u00dfe 8.10,399000,EUR,88.51,3,1908.0,97080,WOHNUNG,ZUM_KAUF,APARTMENT,BUY,0,0,0,0,0,0,0,0,0,0,0,0,0,0,0,0,0,0,0,1,0,0,0,0,0,0,0,0,0,0,0,1,0,0,0,0,0,0,0,1,0,0,0,0,0,0,0,0,0,0,0,0,0,0,0,0,0,0,0,0,0,0,1,0,0,0,0,0,0,0,0,0,0,0,0,0,0,0,0,0,0,0
https://www.immowelt.de/expose/2am9w55,Ried 67.4 - EXZELLENT,759000,EUR,133.22,4,,97230,WOHNUNG,ZUM_KAUF,APARTMENT,BUY,0,0,0,0,0,0,0,0,0,0,0,0,0,0,0,0,0,1,0,0,0,0,0,0,0,0,1,1,0,0,0,0,0,0,0,0,0,0,0,1,0,0,0,0,0,0,0,0,0,1,0,0,0,0,0,0,0,0,0,1,1,0,0,0,0,0,0,0,0,0,0,0,0,1,0,0,0,0,0,0,0,0
https://www.immowelt.de/expose/2an4x5k,** Provisionsfrei f\u00fcr K\u00e4ufer **  Sch\u00f6ne Eigentumswohnung in Gromb\u00fchl in der N\u00e4he der Uniklinik,279900,EUR,72,3,1920.0,97080,WOHNUNG,ZUM_KAUF,APARTMENT,BUY,0,0,0,0,1,0,0,0,0,0,0,0,0,0,1,0,0,0,0,1,1,0,0,0,0,0,0,0,0,0,0,1,0,0,0,0,0,0,0,1,0,0,0,0,0,0,0,0,0,0,0,0,0,0,0,0,0,0,0,0,0,0,0,0,0,0,0,0,0,0,0,0,0,0,0,1,0,1,0,1,0,0
https://www.immowelt.de/expose/29c8v5q,Stilvolle Eleganz - Ziegelaustra\u00dfe 8.9,349000,EUR,79.55,3,1908.0,97080,WOHNUNG,ZUM_KAUF,APARTMENT,BUY,0,0,0,0,0,0,0,0,0,0,0,0,0,0,0,0,0,0,0,1,0,0,0,0,0,0,0,0,0,0,0,1,0,0,0,0,0,0,0,1,0,0,0,0,0,0,0,0,0,0,0,0,0,0,0,0,0,0,0,0,0,0,1,0,0,0,0,0,0,0,0,0,0,0,0,0,0,0,0,0,0,0
https://www.immowelt.de/expose/29a9v5q,Stilvolle Eleganz - Ziegelaustra\u00dfe 8.11,229000,EUR,52.28,2,1908.0,97080,WOHNUNG,ZUM_KAUF,APARTMENT,BUY,0,0,0,0,0,0,0,0,0,0,0,0,0,0,0,0,0,0,0,1,0,0,0,0,0,0,0,0,0,0,0,1,0,0,0,0,0,0,0,1,0,0,0,0,0,0,0,0,0,0,0,0,0,0,0,0,0,0,0,0,0,0,1,0,0,0,0,0,0,0,0,0,0,0,0,0,0,0,0,0,0,0
https://www.immowelt.de/expose/2aacw55,Ried 67.9 - VOLLKOMMEN,878000,EUR,143.94,4,,97230,WOHNUNG,ZUM_KAUF,APARTMENT,BUY,0,0,0,0,0,0,0,0,1,0,0,0,0,0,0,0,0,1,0,0,0,0,0,0,0,0,1,1,0,0,0,0,0,0,0,0,0,0,0,1,0,0,0,0,0,0,0,0,0,1,0,0,0,0,0,0,0,0,0,1,1,0,0,0,0,0,0,0,0,0,0,0,0,1,0,0,0,0,0,0,0,0
https://www.immowelt.de/expose/2a2sd5k,Exclusive Dachgeschoss Eigentumswohnung Blick auf Festung und K\u00e4ppele W\u00fcrzburg Gromb\u00fchl incl. Tiefgarage Vorbereitung E-Ladestation u.v.m.,,,55.25,2,2023.0,97070,WOHNUNG,ZUM_KAUF,APARTMENT,BUY,1,0,0,0,1,0,0,1,0,0,1,1,0,1,0,0,0,0,1,0,1,0,1,1,0,0,1,0,0,0,1,0,0,1,0,0,1,0,0,1,0,1,0,0,0,1,1,0,0,1,0,0,1,0,0,0,0,1,0,1,1,0,0,0,0,1,0,0,1,0,1,0,0,0,1,0,0,1,0,0,0,1
https://www.immowelt.de/expose/2936f5w,"Sehr sch\u00f6n sanierte und hochwertige 3,5 Zimmer Eigentumswohnung am Kulturspeicher inklusive Tiefgaragenstellplatz",429000,EUR,101,3.5,1958.0,97080,WOHNUNG,ZUM_KAUF,APARTMENT,BUY,1,0,0,0,1,0,0,0,0,0,0,0,0,1,1,0,0,0,0,1,1,0,0,0,0,1,0,0,0,0,0,0,0,0,0,0,0,0,0,1,0,0,0,0,0,1,0,0,0,0,0,0,0,0,0,0,0,1,0,0,0,0,0,0,0,0,0,0,0,0,0,0,0,0,1,0,0,1,0,0,0,0
https://www.immowelt.de/expose/2ay7z5f,Sch\u00f6nes Apartment im W\u00fcrzburger Heuchelhof,135000,EUR,36,1,1994.0,97084,WOHNUNG,ZUM_KAUF,APARTMENT,BUY,0,0,0,0,0,0,0,0,0,0,0,0,0,0,0,0,0,0,0,0,0,0,0,0,0,0,0,0,0,0,0,0,1,0,0,1,0,0,0,1,0,0,0,0,0,0,0,0,0,0,0,0,0,0,0,0,0,0,0,0,0,0,0,0,0,0,0,0,0,0,0,0,0,0,1,0,0,0,0,0,0,1
https://www.immowelt.de/expose/2ah3q5g,Bezugsfreie gro\u00dfz\u00fcgige und helle 4-Zi.-ETW im Stadtteil Heidingsfeld,275000,EUR,100.26,4,1967.0,97084,WOHNUNG,ZUM_KAUF,APARTMENT,BUY,0,0,0,0,1,0,0,0,0,0,0,0,0,1,1,0,0,0,0,0,0,0,0,0,0,0,0,1,0,0,0,1,0,0,0,0,0,0,0,1,0,0,0,0,0,0,0,0,0,0,0,0,0,0,0,0,0,0,0,1,0,0,0,0,0,0,0,0,0,0,0,0,0,0,0,0,0,0,0,0,0,1
https://www.immowelt.de/expose/2azrd5k,Exclusive Dachgeschoss Eigentumswohnung W\u00fcrzburg Gromb\u00fchl incl. Tiefgarage Vorbereitung E-Ladestation u.v.m.,,,64.22,2,2023.0,97070,WOHNUNG,ZUM_KAUF,APARTMENT,BUY,1,0,0,0,1,0,0,1,0,0,1,1,0,1,0,0,0,0,1,0,1,0,1,1,0,0,1,0,0,0,1,0,0,1,0,0,1,0,0,1,0,1,0,0,0,1,1,0,0,1,0,0,1,0,0,0,0,1,0,1,1,0,0,0,0,1,0,0,1,0,1,0,0,0,1,0,0,1,0,0,0,1
https://www.immowelt.de/expose/29gut5f,Neu erbaut und bereit f\u00fcr Ihre Tr\u00e4ume - Entdecken Sie Ihr zuk\u00fcnftiges Zuhause!,686500,EUR,115,3,2023.0,97084,WOHNUNG,ZUM_KAUF,APARTMENT,BUY,0,0,0,0,0,0,0,0,0,0,0,0,0,0,0,0,0,1,0,0,0,0,0,0,0,0,1,0,0,0,0,0,0,0,0,1,0,0,0,0,0,0,0,0,0,0,0,0,0,1,0,0,0,0,0,0,0,0,0,0,0,0,0,0,0,0,0,0,0,0,1,0,0,1,0,0,0,0,0,0,0,0
https://www.immowelt.de/expose/29qut5f,***Reserviert*** Neu erbaut und bereit f\u00fcr Ihre Tr\u00e4ume - Entdecken Sie Ihr zuk\u00fcnftiges Zuhause!,396950,EUR,66,2,2023.0,97084,WOHNUNG,ZUM_KAUF,APARTMENT,BUY,0,0,0,0,0,0,0,0,0,0,0,0,0,0,0,0,0,1,0,0,0,0,0,0,0,0,1,0,0,0,0,0,0,0,0,1,0,0,0,0,0,0,0,0,0,0,0,0,0,1,0,0,0,0,0,0,0,0,0,0,0,0,0,0,0,0,0,0,0,0,1,0,0,1,0,0,0,0,0,0,0,0
https://www.immowelt.de/expose/29aut5f,Heizkosten gegen Null! Heizen mit Luft-W\u00e4rmepumpe! KFW 55 Haus bezugsfertig im Oktober !!,409400,EUR,69,2,2023.0,97084,WOHNUNG,ZUM_KAUF,APARTMENT,BUY,0,0,0,0,0,0,0,0,0,0,0,0,0,0,0,0,1,1,0,0,0,0,0,0,0,0,1,0,0,0,0,0,0,0,0,1,0,0,0,0,0,0,0,0,0,0,0,0,0,1,0,0,0,0,0,0,0,0,0,0,0,0,0,0,0,0,0,0,0,0,1,0,0,1,0,0,0,0,0,0,0,0
https://www.immowelt.de/expose/29stt5f,Barrierefreies Wohnen und variable Grundrisse!! Energieeffizientes Heizen!! Neubau!!,535750,EUR,90,3,2023.0,97084,WOHNUNG,ZUM_KAUF,APARTMENT,BUY,0,0,0,0,0,0,0,0,0,0,0,0,0,0,0,0,1,1,0,0,0,0,0,0,0,0,1,0,0,0,0,0,0,0,0,1,0,0,0,0,0,0,0,0,0,0,0,0,0,1,0,0,0,0,0,0,0,0,0,0,0,0,0,0,0,0,0,0,0,0,1,0,0,1,0,0,0,0,0,0,0,0
https://www.immowelt.de/expose/2axz25k,! Sch\u00f6ne 2-Zimmer-Wohnung mit Terrasse in W\u00fcrzburg-Heidingsfeld !,189000,EUR,40.5,2,1992.0,97084,WOHNUNG,ZUM_KAUF,APARTMENT,BUY,0,0,0,0,0,0,0,0,0,0,0,0,0,1,1,0,0,0,0,0,0,0,0,1,0,0,0,0,0,0,0,1,1,0,0,1,0,0,0,1,0,0,0,0,0,1,1,0,0,0,0,0,0,0,0,0,0,0,0,1,0,0,0,0,0,0,0,0,0,0,0,0,0,1,0,0,0,0,1,0,0,1
https://www.immowelt.de/expose/28xy75j,"Letzte Chance! Barrierefrei, Heizen mit Luft-W\u00e4rmepumpe &a; provisionsfrei - nur noch 2 Wohnungen frei",585000,EUR,95.52,4,2023.0,97204,WOHNUNG,ZUM_KAUF,APARTMENT,BUY,1,0,0,0,1,1,0,0,0,0,0,0,0,0,0,0,1,1,0,0,0,0,0,1,0,0,0,0,0,0,0,0,0,0,0,0,0,0,0,0,0,0,0,0,0,0,0,0,0,1,0,0,0,0,0,0,0,1,0,1,0,0,0,0,0,0,0,0,0,1,0,0,0,0,1,0,0,0,0,0,0,0
https://www.immowelt.de/expose/2a3f55l,\u00dcber den D\u00e4chern von W\u00fcrzburg,299000,EUR,80,3,1900.0,97082,WOHNUNG,ZUM_KAUF,APARTMENT,BUY,1,0,0,0,0,0,0,0,1,1,0,0,0,0,0,0,0,0,0,1,0,0,0,1,0,0,0,0,0,0,0,1,0,0,0,0,0,0,0,1,0,0,0,0,0,0,0,0,0,0,0,0,0,0,0,0,0,1,0,0,0,0,0,0,0,0,0,0,0,0,0,0,0,0,0,1,0,1,0,1,0,0
https://www.immowelt.de/expose/28pbp58,Tolle Kapitalanlage mit Balkon und Stellplatz,230000,EUR,64.44,2,1972.0,97218,WOHNUNG,ZUM_KAUF,APARTMENT,BUY,0,0,0,0,0,0,0,0,0,0,0,0,0,0,0,0,0,0,0,0,0,0,0,0,0,0,0,0,0,0,0,0,1,0,0,0,0,0,0,0,0,0,0,0,0,0,0,0,0,0,0,0,0,0,1,0,0,0,0,0,0,0,0,0,0,0,0,0,0,0,0,0,0,0,1,0,0,0,0,0,0,0
https://www.immowelt.de/expose/29fnk5l,"S\u00fcdhang mit Festungsblick im Leistengrund 2,5 Zimmer",259000,EUR,61,2.5,1995.0,97082,WOHNUNG,ZUM_KAUF,APARTMENT,BUY,0,0,0,0,1,0,0,0,0,0,0,0,0,0,1,0,0,0,0,0,1,0,0,0,0,0,1,0,0,0,0,1,0,0,0,0,0,0,0,1,0,0,0,0,0,0,0,0,0,0,0,0,0,0,0,0,0,0,0,0,1,0,1,0,0,0,0,0,0,0,0,0,0,0,0,0,0,0,0,0,0,0
https://www.immowelt.de/expose/256kl53,Anleger-Appetithappen,139000,EUR,35,1,1970.0,97218,WOHNUNG,ZUM_KAUF,APARTMENT,BUY,0,0,0,0,0,0,0,0,0,0,0,0,0,0,0,0,0,0,0,0,0,0,0,1,0,0,0,0,0,0,0,0,1,0,0,1,0,0,0,1,0,0,0,0,0,0,1,0,1,0,1,0,0,0,1,0,0,1,0,0,0,0,0,0,0,0,0,0,0,0,0,0,0,0,0,1,0,1,0,0,0,1
https://www.immowelt.de/expose/283z75j,"Letzte Chance! Barrierefrei, Heizen mit Luft-W\u00e4rmepumpe &a; provisionsfrei - nur noch 2 Wohnungen frei!",575000,EUR,95.79,4,2023.0,97204,WOHNUNG,ZUM_KAUF,APARTMENT,BUY,0,0,0,0,1,1,0,0,0,0,0,0,0,0,0,0,0,1,0,0,0,0,0,1,0,0,0,0,0,0,0,0,0,0,0,0,0,0,0,0,0,0,0,0,0,0,0,0,0,1,0,0,0,0,0,0,0,1,0,1,0,0,0,0,0,0,0,0,0,1,0,0,0,0,1,0,0,0,0,0,0,0
https://www.immowelt.de/expose/2ahkm53,Gepflegte Eigentumswohnung mit Loggia,259000,EUR,75,3,,97078,WOHNUNG,ZUM_KAUF,APARTMENT,BUY,1,0,0,0,1,0,0,0,0,0,0,0,0,0,0,0,0,0,0,0,0,0,0,1,0,0,0,0,0,0,0,1,1,1,0,1,0,0,0,1,0,0,0,0,0,0,1,1,0,0,1,0,0,0,0,0,0,0,0,0,0,0,0,0,0,0,0,0,0,0,0,0,0,0,0,1,0,1,0,0,0,1
https://www.immowelt.de/expose/28cc25e,1 Zimmerwohnung in Lengfeld,130000,EUR,29,1,1985.0,97076,WOHNUNG,ZUM_KAUF,APARTMENT,BUY,0,0,0,0,1,0,0,0,0,0,0,0,0,0,0,0,0,0,0,0,0,0,0,0,0,0,0,0,0,0,0,0,0,0,0,0,0,0,0,0,0,0,0,0,0,0,0,0,0,0,0,0,0,0,0,0,0,0,0,0,0,0,0,0,0,0,0,0,0,0,0,0,0,0,0,0,0,0,0,0,0,0
https://www.immowelt.de/expose/2apdr5c,Ideal f\u00fcrs Kapital,290000,EUR,94,4,,97204,WOHNUNG,ZUM_KAUF,APARTMENT,BUY,0,0,1,0,1,0,0,0,0,0,0,0,0,0,0,0,0,0,0,0,0,0,0,0,0,0,0,0,0,0,0,0,0,1,0,1,0,0,0,1,0,0,0,0,0,0,0,0,0,0,0,0,0,0,1,0,0,0,0,0,0,0,0,0,0,0,0,0,0,0,0,0,0,0,0,0,0,1,0,0,0,0
https://www.immowelt.de/expose/29rm35c,"Sch\u00f6ne, helle und gut konzipierte 1-Zimmer-Wohnung, N\u00e4he Uni-Campus!! Derzeit gut vermietet.",119000,EUR,28,1,1968.0,97218,WOHNUNG,ZUM_KAUF,APARTMENT,BUY,0,0,0,0,1,0,0,0,0,0,0,0,0,0,1,0,1,0,0,1,0,0,0,1,0,0,0,0,0,0,0,1,1,0,0,0,0,0,0,1,0,0,0,0,0,0,1,0,0,0,0,0,0,0,0,0,0,0,0,0,0,0,0,0,0,0,0,0,0,0,0,0,0,0,0,1,0,1,0,0,0,0
https://www.immowelt.de/expose/2ad8u53,++Tolle Aussicht aus der obersten Etage++  Balkon und 1 KFZ-Stellplatz + TG-Stellplatz,209000,EUR,80,3,1976.0,97078,WOHNUNG,ZUM_KAUF,APARTMENT,BUY,1,0,0,0,1,0,0,0,0,0,0,0,0,0,0,0,0,0,0,0,0,0,0,0,0,0,0,1,0,0,0,1,0,0,0,0,0,0,0,0,0,0,0,0,0,0,0,0,0,0,0,0,0,0,0,0,0,0,0,0,0,0,0,0,0,0,0,0,0,0,1,0,0,0,1,0,0,0,0,0,0,0
https://www.immowelt.de/expose/2a7ss5l,"Eigennutzer gesucht! Sch\u00f6ne, gem\u00fctliche 2-Zi.-ETW mitten in der Natur von W\u00fcrzburg/Unterd\u00fcrrbach",198000,EUR,57.58,2,1998.0,97080,WOHNUNG,ZUM_KAUF,APARTMENT,BUY,0,0,0,0,1,0,0,0,1,0,0,0,0,0,0,0,0,0,0,0,0,0,0,0,0,0,0,0,0,0,0,1,0,0,0,0,0,0,0,0,0,0,0,0,0,0,0,0,0,0,0,0,0,0,0,0,0,0,0,0,0,0,0,0,0,0,0,0,0,0,0,0,0,0,0,0,0,0,0,0,0,1
https://www.immowelt.de/expose/29qfj5a,"Frei ab Juli: Attraktive 1,5 Zimmer Wohnung mit Balkon und Garage",185000,EUR,43,1.5,1983.0,97076,WOHNUNG,ZUM_KAUF,APARTMENT,BUY,0,0,0,0,1,0,0,0,0,0,0,0,0,0,1,0,0,0,0,0,0,0,0,1,0,0,0,0,0,0,0,0,0,0,0,0,0,0,0,1,0,0,0,0,0,0,1,0,0,0,0,0,0,0,0,0,0,0,0,0,0,0,0,0,0,0,0,0,0,0,0,0,0,0,0,1,0,0,0,0,0,0
https://www.immowelt.de/expose/2ayce5c,Hochgef\u00fchl!,259000,EUR,81,3,1974.0,97078,WOHNUNG,ZUM_KAUF,APARTMENT,BUY,0,0,0,0,0,0,0,0,0,0,0,0,0,0,0,0,0,0,0,0,0,0,0,0,0,0,0,0,0,0,0,1,1,0,0,0,0,0,0,0,0,0,0,0,0,0,0,0,0,0,0,0,0,0,0,0,0,0,0,0,0,0,0,0,0,0,0,0,0,0,0,0,0,0,0,0,0,0,0,0,0,0
https://www.immowelt.de/expose/278e954,Verwirklichen Sie Ihren Wohntraum!,115000,EUR,46,2,1910.0,97236,WOHNUNG,ZUM_KAUF,APARTMENT,BUY,0,0,0,0,0,0,0,0,0,0,0,0,0,0,0,0,1,0,0,1,0,0,0,0,0,1,0,0,0,0,0,1,0,0,0,0,0,0,0,0,0,0,0,0,0,0,0,0,0,0,0,0,0,0,0,0,0,0,0,0,0,0,0,0,0,0,0,0,0,0,0,0,0,0,0,0,0,0,0,0,0,0
https://www.immowelt.de/expose/2a6b55p,Bezugsfreie Einzimmerwohnung in H\u00f6chberg - Schwimmbad im Haus,119000,EUR,30,1,1970.0,97204,WOHNUNG,ZUM_KAUF,APARTMENT,BUY,0,0,0,0,1,0,0,0,0,0,0,0,0,1,1,0,0,0,0,0,0,0,0,1,0,0,0,0,0,0,0,0,1,0,0,0,0,0,0,1,0,0,0,0,0,1,0,0,0,0,0,0,0,0,1,0,0,0,0,0,0,0,0,0,0,0,0,0,0,0,1,0,0,0,0,0,0,0,0,0,0,1
https://www.immowelt.de/expose/2aae55p,vermietete 2-Zimmerwohnung als solide Kapitalanlage,189000,EUR,57.99,2,1974.0,97076,WOHNUNG,ZUM_KAUF,APARTMENT,BUY,0,0,0,0,1,0,0,0,0,0,0,0,0,0,0,0,1,0,0,0,1,0,0,1,0,0,0,0,0,0,0,0,1,0,0,0,0,0,0,1,0,0,0,0,0,0,0,0,0,0,0,0,0,0,1,0,0,0,0,0,0,0,0,0,0,0,0,0,0,0,0,0,0,0,1,0,0,1,0,0,0,1
https://www.immowelt.de/expose/298r25l,gro\u00dfz\u00fcgige 3-Zimmer Terrassenwohnung in beliebter Wohngegend,298000,EUR,98.8,3,1971.0,97204,WOHNUNG,ZUM_KAUF,APARTMENT,BUY,1,0,0,1,0,0,0,0,0,0,0,1,0,1,1,0,0,0,0,0,1,0,1,0,0,0,0,1,0,0,0,0,1,0,0,1,0,0,0,1,0,0,0,0,0,1,0,0,0,0,0,0,0,0,1,0,0,0,0,0,0,1,0,0,0,0,0,0,0,0,0,0,0,1,1,1,0,1,0,0,0,1
https://www.immowelt.de/expose/27ex954,Ebenerdige 2-Zimmerwohnung in Randersacker,220000,EUR,46,2,1910.0,97236,WOHNUNG,ZUM_KAUF,APARTMENT,BUY,0,0,0,0,0,0,0,0,0,0,0,0,0,0,0,0,0,0,0,1,0,0,0,0,0,1,0,0,0,0,0,1,0,0,0,0,0,0,0,0,0,0,0,0,0,0,0,0,0,0,0,0,0,0,0,0,0,0,0,0,0,0,0,0,0,0,0,0,0,0,0,0,0,0,0,0,0,0,0,0,0,0
https://www.immowelt.de/expose/29e8t5g,Attraktive 1 Zimmer Wohnung mit Balkon &a; PKW Stellplatz *** frei werdend ***,105000,EUR,29,1,1971.0,97204,WOHNUNG,ZUM_KAUF,APARTMENT,BUY,0,0,0,0,1,0,0,0,0,0,0,0,0,0,1,0,0,0,0,0,0,0,0,1,0,0,0,0,0,0,0,0,1,0,0,0,0,0,0,1,0,0,0,0,0,0,0,0,0,0,0,0,0,0,1,0,0,0,0,0,0,0,0,0,0,0,0,0,0,0,1,0,0,0,0,0,0,1,0,0,0,1
https://www.immowelt.de/expose/2a3l55l,Charmante 4 Zimmer Wohnung im \St\u00e4dtle\ von  Heidingsfeld,225000,EUR,98,4,1948.0,97084,WOHNUNG,ZUM_KAUF,APARTMENT,BUY,0,0,0,0,0,0,0,0,0,0,0,0,0,0,1,0,0,0,0,1,1,0,0,0,0,0,0,0,1,0,0,1,1,0,0,0,0,0,0,1,0,0,0,0,0,0,1,0,0,0,0,0,0,0,0,0,0,0,0,0,0,0,0,0,0,0,0,0,0,0,0,0,0,0,0,1,0,1,0,0,0,0
https://www.immowelt.de/expose/29bwl5s,attraktives 1-Zimmer-Apartment mit Stellplatz in der Unterd\u00fcrrbacher Stra\u00dfe,129000,EUR,30,1,1995.0,97080,WOHNUNG,ZUM_KAUF,APARTMENT,BUY,1,0,0,0,0,0,0,0,1,0,0,1,0,1,0,0,0,0,0,0,0,0,0,0,0,1,0,0,0,0,0,1,1,0,1,1,0,0,0,1,0,0,0,0,0,0,0,1,0,0,0,0,0,0,0,1,0,0,0,0,0,1,0,0,0,0,0,0,0,0,1,0,0,0,0,0,0,0,1,0,0,0
https://www.immowelt.de/expose/2a48c5d,Hier kann man sich wohlf\u00fchlen!,270000,EUR,74,2,1995.0,97080,WOHNUNG,ZUM_KAUF,APARTMENT,BUY,1,0,0,0,1,0,0,0,0,0,0,0,0,0,0,0,1,0,0,0,1,0,0,1,0,0,0,0,0,0,0,1,0,0,0,0,0,0,0,1,0,0,0,0,0,0,1,1,0,0,0,0,0,0,0,0,0,0,0,0,0,0,0,0,0,0,0,0,0,0,0,0,0,0,0,0,0,1,0,0,0,1
https://www.immowelt.de/expose/29uav5s,3-Zimmer-Eigentumswohnung in H\u00f6chberg,199000,EUR,80,3,1979.0,97204,WOHNUNG,ZUM_KAUF,APARTMENT,BUY,0,0,0,0,0,0,0,0,0,0,0,0,0,0,0,0,0,0,0,0,0,0,0,0,0,0,0,0,0,0,0,1,1,0,0,0,0,0,0,1,0,0,0,0,0,0,0,0,0,0,1,0,0,0,0,0,0,0,0,1,0,0,0,0,0,0,0,0,0,0,0,0,0,0,1,1,0,0,0,0,0,1
https://www.immowelt.de/expose/28dsj5v,Sehr gepflegte 4-ZW in W\u00fcrzburg/H\u00f6chberg mit neuer Heizung !,320000,EUR,96.83,4,1980.0,97204,WOHNUNG,ZUM_KAUF,APARTMENT,BUY,0,0,0,0,1,1,0,0,0,0,0,0,0,0,1,0,0,0,0,0,1,0,1,0,0,1,0,1,0,0,0,1,0,0,0,1,0,0,0,1,0,0,0,0,0,1,0,0,0,0,0,1,1,0,0,0,0,1,0,1,0,0,0,0,0,0,0,0,0,0,0,0,0,0,1,0,0,1,0,0,0,1
https://www.immowelt.de/expose/29ytq5y,Renovierte 4- Zimmer- Wohnung im Herzen von Gerbrunn mit zwei Balkonen!,285000,EUR,93.37,4,1971.0,97218,WOHNUNG,ZUM_KAUF,APARTMENT,BUY,0,0,0,0,1,0,0,0,0,0,0,0,0,1,1,0,0,0,0,0,1,0,0,1,0,1,0,0,0,0,0,1,0,0,0,1,0,0,0,1,0,0,0,0,0,1,1,0,0,0,0,0,0,0,0,0,0,0,0,0,0,0,1,0,0,0,0,0,0,0,1,0,0,0,0,0,0,0,0,0,0,1
https://www.immowelt.de/expose/2aksy5n,Neurenovierte 2 Zimmerwohnung - sehr gut gelegen ruhig und sauber,219000,EUR,71,2,1968.0,97078,WOHNUNG,ZUM_KAUF,APARTMENT,BUY,0,0,0,0,0,1,0,0,0,0,0,0,0,0,0,0,1,0,0,0,0,0,0,0,0,0,0,0,0,0,0,0,0,0,0,0,0,0,0,1,0,0,0,0,1,0,0,0,0,0,0,0,0,0,0,0,0,0,0,0,0,0,1,0,0,0,0,0,0,0,0,0,0,0,0,0,0,0,0,0,0,0
https://www.immowelt.de/expose/2ahwn5a,zentral - chic - citynah,298000,EUR,87.67,4,1973.0,97218,WOHNUNG,ZUM_KAUF,APARTMENT,BUY,0,0,0,0,1,0,0,0,0,0,0,0,0,0,0,0,0,0,0,0,0,0,0,0,0,0,0,0,0,0,0,0,1,0,0,0,0,0,0,0,0,0,0,0,0,0,0,0,0,0,0,0,0,0,1,0,0,0,0,1,0,0,0,0,0,0,0,0,0,0,0,0,0,0,0,0,0,0,0,0,0,1
https://www.immowelt.de/expose/2awk558,"Exklusive 3-4 Zimmer ETW in W\u00fcrzburg  \Talweg Terrassen\, 94,46 qm,  barrierefrei, provisionsfrei vom Bautr\u00e4ger",549500,EUR,94.46,3,2025.0,97076,WOHNUNG,ZUM_KAUF,APARTMENT,BUY,0,0,0,0,0,1,0,0,0,0,0,0,0,0,0,0,0,0,0,0,1,0,0,0,0,0,1,0,0,0,0,0,0,0,0,0,0,0,0,1,0,0,0,0,0,0,0,0,0,1,0,0,1,0,0,0,0,0,0,1,1,0,0,0,0,0,0,0,0,0,0,0,0,1,0,0,0,0,0,0,0,1
https://www.immowelt.de/expose/29qs95u,"Komplett renovierte 2 Zimmerwohnung mit Balkon - N\u00e4he Uniklinik, seniorengerecht",219000,EUR,71,2,1968.0,97078,WOHNUNG,ZUM_KAUF,APARTMENT,BUY,0,0,0,0,0,0,0,0,0,0,0,0,0,1,0,0,1,0,0,0,0,0,0,0,0,0,0,0,0,0,0,1,0,0,0,0,0,0,0,1,0,0,0,0,1,0,0,0,0,0,0,0,0,0,0,0,0,0,0,1,0,0,1,0,0,0,0,0,0,0,0,0,0,0,0,0,0,0,0,0,0,0
https://www.immowelt.de/expose/2a6na5a,3-Zimmer-Wohnung unweit der City,260000,EUR,78,3,1973.0,97076,WOHNUNG,ZUM_KAUF,APARTMENT,BUY,0,0,0,0,1,0,0,0,0,0,0,0,0,0,1,0,0,0,0,0,0,0,0,1,0,0,0,0,0,0,0,0,1,0,0,0,0,0,0,0,0,0,0,0,0,0,0,0,0,0,0,0,0,0,0,0,0,1,0,1,0,0,0,0,0,0,0,0,0,0,0,0,0,0,0,0,0,0,0,0,0,0
https://www.immowelt.de/expose/2are55p,Bezugsfreie Einzimmerwohnung - ideale Lage zur Uni Hubland,109900,EUR,24.56,1,1977.0,97218,WOHNUNG,ZUM_KAUF,APARTMENT,BUY,0,0,0,0,1,0,0,0,0,0,0,0,0,1,0,0,0,0,0,0,0,0,0,1,0,1,0,0,1,0,0,0,1,0,0,0,0,0,0,1,0,0,0,0,0,0,0,1,0,0,0,0,0,0,1,0,1,0,0,0,0,0,0,0,0,0,0,0,0,0,0,1,1,0,0,0,0,0,0,0,0,0
https://www.immowelt.de/expose/2atf45h,Ein guter Grund f\u00fcrs Gl\u00fcck - Ihr Haus im Haus,619000,EUR,252.71,7,1985.0,97084,WOHNUNG,ZUM_KAUF,APARTMENT,BUY,0,0,0,0,0,0,0,0,0,0,0,0,0,0,1,0,0,0,0,0,0,0,0,0,0,0,1,1,0,1,0,1,1,0,0,0,0,1,0,1,0,0,0,0,0,0,0,0,0,0,0,0,0,0,0,0,0,0,0,0,0,0,0,0,0,0,1,0,0,0,0,0,0,1,0,0,0,0,0,0,0,1
https://www.immowelt.de/expose/2at5856,Vermietete 4 Zimmer-Eigentumswohnung in W\u00fcrzburg-Heidingsfeld,243000,EUR,96,4,1974.0,97084,WOHNUNG,ZUM_KAUF,APARTMENT,BUY,0,0,0,0,1,0,0,0,0,0,0,0,0,0,0,0,0,0,0,0,1,0,0,0,0,0,0,1,0,0,0,1,1,0,0,0,0,0,0,1,0,0,0,0,0,0,0,0,0,0,1,0,0,0,0,0,0,0,0,0,0,0,0,0,0,0,0,0,0,0,1,0,0,0,0,0,0,0,1,0,0,1
https://www.immowelt.de/expose/29f775u,Vermietete drei Zimmer Wohnung mit Balkon in Uni N\u00e4he!,199000,EUR,70,3,1967.0,97078,WOHNUNG,ZUM_KAUF,APARTMENT,BUY,0,0,0,0,0,0,0,0,0,0,0,0,0,0,0,0,1,0,0,0,0,0,0,0,0,0,0,0,0,0,0,1,1,0,0,0,0,0,0,1,0,0,0,0,0,0,0,0,0,0,0,0,0,0,0,0,0,0,0,0,0,0,0,0,0,0,0,0,0,0,0,0,0,0,0,0,0,0,0,0,0,1
https://www.immowelt.de/expose/27hbk5v,Die Sonnenseite des Wohnens,225000,EUR,71,2,1992.0,97076,WOHNUNG,ZUM_KAUF,APARTMENT,BUY,0,0,0,0,1,0,0,0,0,0,0,0,0,0,1,0,0,0,0,0,1,0,0,1,0,0,0,0,0,0,0,1,0,0,0,0,0,0,0,1,0,0,0,0,0,0,0,0,1,0,1,0,0,0,0,0,0,0,0,0,0,0,0,0,0,0,0,0,0,0,0,0,1,0,0,1,0,1,0,0,0,1
https://www.immowelt.de/expose/29hgv53,Ideal f\u00fcr Kapitalanleger! Appartement in W\u00fcrzburg-Lengfeld,129000,EUR,36,1,1994.0,97076,WOHNUNG,ZUM_KAUF,APARTMENT,BUY,0,0,0,0,1,0,0,0,0,0,0,0,0,0,0,0,0,0,0,0,0,0,0,0,0,0,0,0,1,0,0,1,0,0,0,1,0,0,0,1,0,0,0,0,0,0,0,0,0,0,0,0,0,1,0,0,0,0,0,0,0,0,0,0,0,0,0,0,0,0,0,0,0,0,0,1,0,0,0,0,0,1
https://www.immowelt.de/expose/29tfu5a,!! Achtung Studenten &a; Ideal Kapitalanleger! Appartement in W\u00fcrzburg-Lengfeld !!,129000,EUR,36,1,1994.0,97076,WOHNUNG,ZUM_KAUF,APARTMENT,BUY,0,0,0,0,1,0,0,0,0,0,0,0,0,0,0,0,0,0,0,0,0,0,0,0,0,0,0,0,1,0,0,1,0,0,0,1,0,0,0,1,0,0,0,0,0,0,0,0,0,0,0,0,0,1,0,0,0,0,0,0,0,0,0,0,0,0,0,0,0,0,0,0,0,0,0,1,0,0,0,0,0,1
https://www.immowelt.de/expose/2a4jg5c,Gepflegte 2-Zimmer-Wohnung mit Balkon &a; Stellplatz in Lengfeld zu verkaufen,179000,EUR,57.37,2,1983.0,97076,WOHNUNG,ZUM_KAUF,APARTMENT,BUY,0,0,0,0,0,0,0,0,0,0,0,0,0,0,1,0,0,0,0,0,0,0,0,1,0,0,0,0,0,0,0,1,1,0,0,0,0,0,0,0,0,0,0,0,0,0,0,0,0,0,0,0,0,0,0,0,0,0,0,1,0,0,0,0,0,0,0,0,0,0,1,0,1,0,0,1,0,0,0,0,0,1
https://www.immowelt.de/expose/29etw59,2-Zimmerwohnung in W\u00fcrzburg-Gromb\u00fchl,184000,EUR,52.7,2,1950.0,97080,WOHNUNG,ZUM_KAUF,APARTMENT,BUY,0,0,0,0,0,0,0,0,0,0,0,0,0,0,0,0,0,0,0,0,1,0,0,1,0,0,0,0,0,0,0,1,0,0,0,1,0,0,0,1,0,0,0,0,0,1,1,0,0,0,0,0,0,0,0,0,0,0,0,0,0,0,0,0,0,0,0,0,0,0,0,0,0,0,0,1,0,1,1,0,0,1
https://www.immowelt.de/expose/2agt95c,2-Zimmer-Eigentumswohnung in W\u00fcrzburg / Versbach,209500,EUR,58.29,2,1967.0,97078,WOHNUNG,ZUM_KAUF,APARTMENT,BUY,1,0,0,0,0,0,0,0,0,0,0,1,0,1,0,0,0,0,0,0,1,0,0,1,0,0,0,0,1,0,0,1,1,0,0,1,0,0,0,1,0,0,0,0,0,1,0,0,1,0,0,0,0,0,0,0,0,0,0,1,0,0,0,0,0,0,0,0,0,0,0,0,0,0,0,1,0,0,0,0,0,1
https://www.immowelt.de/expose/2at5658,"Exklusive 3 Zimmer ETW mit eigenem Garten, in W\u00fcrzburg  \Talweg Terrassen\, 71,59 qm, provisionsfrei vom Bautr\u00e4ger",443500,EUR,71.59,3,2025.0,97076,WOHNUNG,ZUM_KAUF,APARTMENT,BUY,0,0,0,0,0,0,0,0,0,0,0,0,0,0,0,0,0,0,0,0,1,0,0,0,0,0,1,0,0,1,0,0,0,0,0,0,0,0,0,1,0,0,0,0,0,0,0,0,0,1,0,0,1,0,0,0,0,0,0,0,1,0,0,0,0,0,0,0,0,0,0,0,0,1,0,0,0,0,0,0,0,1
https://www.immowelt.de/expose/29qg956,Gepflegte Etagenwohnung - ideal zur Geldanlage - in W\u00fcrzburg,195000,EUR,63,3,1924.0,97074,WOHNUNG,ZUM_KAUF,APARTMENT,BUY,0,0,1,0,0,0,0,0,0,0,1,0,0,0,0,0,0,0,0,0,0,0,0,0,0,0,0,0,0,0,0,1,1,0,0,0,0,0,0,1,0,0,0,0,0,0,0,0,0,0,1,0,0,0,0,0,0,0,0,0,0,0,0,0,0,0,0,0,0,0,0,0,0,0,0,1,0,1,0,1,0,1
https://www.immowelt.de/expose/2a43658,"Exklusives 3 Zimmer Penthouse in W\u00fcrzburg  \Talweg Terrassen\, 73,54 qm, provisionsfrei vom Bautr\u00e4ger ",459950,EUR,73.54,3,2025.0,97076,WOHNUNG,ZUM_KAUF,APARTMENT,BUY,0,0,0,0,0,1,0,0,0,0,0,0,0,0,0,0,0,0,0,0,1,0,0,0,0,0,1,0,0,0,0,0,0,0,0,0,0,0,0,1,0,0,0,0,0,0,0,0,0,1,0,0,1,0,0,0,0,0,0,1,1,0,0,0,0,0,0,0,0,0,0,0,0,1,0,0,0,0,0,0,0,1
https://www.immowelt.de/expose/2azn55p,***BEZUGSFREI*** gepflegte 1-Zi.-Studentenwohnung in Lengfeld,104900,EUR,30.45,1,1994.0,97076,WOHNUNG,ZUM_KAUF,APARTMENT,BUY,0,0,0,0,1,0,0,0,0,0,0,0,0,1,1,0,0,0,0,0,0,0,0,1,0,0,0,0,0,0,0,1,1,0,0,0,0,0,0,0,0,0,0,0,0,1,1,0,0,0,0,0,0,0,0,1,0,0,0,0,1,0,0,0,0,0,0,0,0,0,1,0,0,0,0,0,0,0,1,0,0,1
https://www.immowelt.de/expose/2ac4a5c,3-Zimmer-Eigentumswohnung in W\u00fcrzburg / Versbach,239500,EUR,66.93,3,1967.0,97078,WOHNUNG,ZUM_KAUF,APARTMENT,BUY,1,0,0,0,1,0,0,0,0,0,0,0,0,1,0,0,0,0,0,0,0,0,1,1,0,0,0,0,1,0,0,1,1,0,0,0,0,0,0,1,0,0,0,0,0,1,1,0,0,0,0,0,0,0,0,0,0,0,0,1,0,0,0,0,0,0,0,0,1,0,0,0,0,0,0,1,0,0,0,0,0,1
https://www.immowelt.de/expose/292h956,"Wundersch\u00f6ne, sanierte Maisonette-Wohnung in gefragter Lage von W\u00fcrzburg",220000,EUR,67.45,3,1950.0,97074,WOHNUNG,ZUM_KAUF,APARTMENT,BUY,0,0,0,0,0,0,0,0,0,0,0,0,0,0,0,0,0,0,0,0,0,0,0,0,0,0,0,0,0,0,0,1,0,0,0,1,0,0,0,0,0,0,0,0,0,0,1,0,0,0,1,0,0,0,0,0,0,0,0,0,0,0,0,0,0,0,0,0,0,0,0,0,0,0,0,0,0,0,0,0,0,0
https://www.immowelt.de/expose/29vy45c,"Stadt nah und trotzdem Ruheoase. Sch\u00f6ne, gro\u00dfe 4-Zimmer ETW TG Platz und gro\u00dfem Balkon, sowie megatollem, unverbaubarem Ausblick",360000,EUR,100.4,4,1983.0,97076,WOHNUNG,ZUM_KAUF,APARTMENT,BUY,0,0,0,0,1,0,0,0,0,0,0,0,0,1,1,0,0,0,0,1,1,0,1,1,0,0,0,0,0,0,0,1,1,0,0,0,0,0,0,1,0,0,0,0,1,0,0,0,0,0,0,0,0,0,0,0,0,0,0,1,0,0,0,0,0,0,0,0,0,0,0,0,0,0,0,0,0,1,0,0,0,0
https://www.immowelt.de/expose/29l7d5z,"Sehr gepflegte, vermietete Erdgeschosswohnung in gefragter Lage von W\u00fcrzburg",195000,EUR,63,3,1924.0,97074,WOHNUNG,ZUM_KAUF,APARTMENT,BUY,0,0,1,0,0,0,0,0,0,0,1,0,0,0,0,0,1,0,0,0,0,0,0,0,0,0,0,0,0,0,0,1,1,0,0,0,0,0,0,1,0,0,0,0,0,0,0,0,0,0,1,0,0,0,0,0,0,0,0,0,0,0,0,0,0,0,0,0,0,0,0,0,0,0,0,1,0,1,0,1,0,0
https://www.immowelt.de/expose/2abdn5e,W\u00fcrzburg: Lohnendes Anlageobjekt - Vermietete ETW in direkter Unin\u00e4he zu verkaufen,219000,EUR,78.39,3,1963.0,97074,WOHNUNG,ZUM_KAUF,APARTMENT,BUY,0,0,0,0,0,0,0,0,0,0,0,0,0,0,0,0,0,0,0,0,0,0,0,1,0,0,0,0,0,0,0,1,1,0,0,0,0,0,0,0,0,0,0,0,0,0,0,0,0,0,1,0,0,0,0,0,0,0,0,1,0,0,0,0,0,0,0,0,0,0,1,0,0,0,0,0,0,0,0,0,0,1
https://www.immowelt.de/expose/2a3yt5a,Gro\u00dfz\u00fcgige Etagenwohnung mit Balkon,195000,EUR,70,3,1968.0,97078,WOHNUNG,ZUM_KAUF,APARTMENT,BUY,0,0,0,0,1,0,0,0,0,0,0,0,0,0,1,0,0,0,0,0,0,0,0,1,0,0,0,0,0,0,0,1,1,0,0,0,0,0,0,0,0,0,0,0,0,0,1,0,0,0,0,0,0,0,0,0,0,0,0,1,0,0,0,0,0,0,0,0,0,0,0,0,0,0,0,0,0,0,1,0,0,1
https://www.immowelt.de/expose/2al3h54,Sanierte 3-Zimmer-Wohnung mit Balkon in begehrter Lage **Frauenland**,299000,EUR,75.09,3,1963.0,97074,WOHNUNG,ZUM_KAUF,APARTMENT,BUY,1,0,0,0,1,0,0,0,0,0,0,0,0,0,0,0,0,0,0,0,0,0,0,1,0,0,0,0,0,0,0,1,1,0,0,1,0,0,0,0,0,0,0,0,0,1,1,0,0,0,1,0,0,0,0,0,0,0,0,0,0,0,0,0,0,0,0,1,0,0,0,0,0,0,0,1,0,1,0,1,0,0
https://www.immowelt.de/expose/28g225v,6-Zimmer-Eigentumswohnung in W\u00fcrzburg/Gromb\u00fchl,498000,EUR,157.39,6,1899.0,97080,WOHNUNG,ZUM_KAUF,APARTMENT,BUY,1,0,1,0,1,0,0,0,0,0,1,0,0,1,0,0,0,0,0,0,1,0,0,1,0,1,0,1,0,0,0,1,0,0,0,0,0,0,0,1,0,0,0,0,0,1,1,0,0,0,0,0,0,0,0,0,0,1,0,0,0,0,0,1,0,0,0,0,1,0,1,0,0,0,0,0,0,1,0,0,0,1
https://www.immowelt.de/expose/27e4b5d,Kapitalanleger aufgepasst! Gut vermietete und gepflegte 2 Zimmerwohnung N\u00e4he Uniklinik in Gromb\u00fchl !,228000,EUR,57.76,2,1896.0,97080,WOHNUNG,ZUM_KAUF,APARTMENT,BUY,0,0,0,0,0,0,0,0,0,0,0,0,0,0,1,0,1,0,0,1,1,0,0,1,0,0,0,1,0,0,0,1,1,0,0,0,0,0,0,1,0,0,0,0,0,0,1,0,0,0,0,0,0,0,0,0,0,0,0,0,0,0,0,0,0,0,0,0,0,0,0,0,0,0,0,1,0,1,0,0,0,0
https://www.immowelt.de/expose/26y675z,Gromb\u00fchl - komplett NEU saniertes Wohnhaus!,367900,EUR,73.58,2,1950.0,97080,WOHNUNG,ZUM_KAUF,APARTMENT,BUY,1,0,0,0,1,0,0,0,0,0,0,1,0,1,0,0,0,1,0,0,0,0,0,1,0,1,0,0,0,0,0,1,0,0,0,1,0,0,0,1,0,0,0,0,0,1,1,0,0,0,1,0,1,0,0,1,0,0,0,0,1,1,0,0,0,0,0,0,0,0,0,0,0,0,0,0,0,0,0,0,0,0
https://www.immowelt.de/expose/2a88v5b,Schicke 3 Zimmer ETW nahe der Uni-Klinik (WE 6-vermietet),256750,EUR,63.57,3,1955.0,97080,WOHNUNG,ZUM_KAUF,APARTMENT,BUY,0,0,0,0,0,0,0,0,0,0,0,0,0,0,1,0,0,0,0,1,0,0,0,1,0,0,0,0,0,0,0,0,1,0,0,0,0,0,0,1,0,0,0,0,0,1,1,0,0,0,0,0,0,0,0,0,0,0,0,0,1,0,0,0,0,0,0,0,0,0,0,0,0,0,0,1,0,0,0,0,0,0
https://www.immowelt.de/expose/2av7v5b,TOP Zustand / 2 Zimmer ETW nahe der Uni-Klinik (WE 2 - vermietet),206980,EUR,53.24,2,1955.0,97080,WOHNUNG,ZUM_KAUF,APARTMENT,BUY,0,0,0,0,0,0,0,0,0,0,0,0,0,0,1,0,0,0,0,1,0,0,0,1,0,0,0,0,0,0,0,0,1,0,0,0,0,0,0,1,0,0,0,0,0,1,1,0,0,0,0,0,0,0,0,0,0,0,0,0,1,0,0,0,0,0,0,0,0,0,0,0,0,0,0,1,0,0,0,0,0,0
https://www.immowelt.de/expose/29ye552,Schicke 1-Zimmer EG Wohnung mit einer 15QM Terrasse,199000,EUR,45,1,1920.0,97080,WOHNUNG,ZUM_KAUF,APARTMENT,BUY,0,0,0,0,0,0,0,0,0,0,0,0,0,0,0,0,1,0,0,0,0,0,0,0,0,0,0,0,0,0,0,0,0,1,0,1,0,0,0,1,0,0,0,0,0,0,0,0,0,0,0,0,0,0,0,0,0,0,0,0,0,0,0,0,0,0,0,0,0,0,0,0,0,0,0,0,0,0,0,0,0,1
https://www.immowelt.de/expose/27w4b5d,Darf ich mich vorstellen?  Attraktive &a; Citynahe - 2 Zimmerwohnung - Top gelegen und ger\u00e4umig!,248000,EUR,69.7,2,1896.0,97080,WOHNUNG,ZUM_KAUF,APARTMENT,BUY,0,0,0,0,1,0,0,0,0,0,0,0,0,0,1,0,0,0,0,1,1,0,0,1,0,0,0,1,0,0,0,1,0,0,0,0,0,0,0,1,0,0,0,0,0,0,1,0,0,0,0,0,0,0,0,0,0,0,0,0,0,0,0,0,0,0,0,0,0,0,0,0,0,0,0,0,0,1,0,0,0,0
https://www.immowelt.de/expose/29nbr5y,Sonne im Herzen,279000,EUR,61,2,1958.0,97080,WOHNUNG,ZUM_KAUF,APARTMENT,BUY,0,0,0,0,0,0,0,0,0,0,0,0,0,0,0,0,1,0,0,0,0,0,0,0,0,0,0,0,0,0,0,0,1,0,0,0,0,0,0,0,0,0,0,0,0,0,0,0,0,0,0,0,0,0,0,0,0,0,0,0,0,0,0,0,0,0,0,0,0,0,0,0,0,1,0,0,0,0,0,0,0,0
https://www.immowelt.de/expose/2am7v5b,Seltene Gelegenheit - 4 Zimmer ETW nahe der Uni-Klinik (WE 4-vermietet),312050,EUR,76.7,4,1955.0,97080,WOHNUNG,ZUM_KAUF,APARTMENT,BUY,0,0,0,0,0,0,0,0,0,0,0,0,0,0,1,0,0,0,0,1,0,0,0,1,0,0,0,1,0,0,0,0,1,0,0,0,0,0,0,1,0,0,0,0,0,1,1,0,0,0,0,0,0,0,0,0,0,0,0,0,1,0,0,0,0,0,0,0,0,0,0,0,0,0,0,1,0,0,0,0,0,0
https://www.immowelt.de/expose/2arpu5n,Kapitalanlage oder Eigenbedarf. Interessante 4 Zimmerwohnung in Heidingsfeld mit Energiekonzept,469000,EUR,114,4,1986.0,97084,WOHNUNG,ZUM_KAUF,APARTMENT,BUY,0,0,0,0,0,0,0,0,0,0,0,0,0,0,0,0,0,0,0,0,0,0,0,0,0,0,0,0,0,0,0,0,0,0,0,0,0,0,0,0,0,0,0,0,0,0,0,0,0,0,0,0,0,0,0,0,0,0,0,0,0,0,0,0,0,0,0,0,0,0,0,0,0,1,0,0,0,0,0,0,0,0
https://www.immowelt.de/expose/2aduh5k,VORANK\u00dcNDIGUNG: Schicke 1-Zimmerwohnung mit Terrasse in Gromb\u00fchl - Erstbezug nach Revitalisierung,199900,EUR,45,1,1920.0,97080,WOHNUNG,ZUM_KAUF,APARTMENT,BUY,0,0,0,0,0,0,0,0,0,0,0,0,0,0,0,0,0,0,0,0,0,0,0,0,0,0,0,0,0,0,0,0,0,0,0,0,0,0,0,0,0,0,0,0,0,0,0,0,0,0,0,0,0,0,0,0,0,0,1,0,0,0,0,0,0,0,0,0,0,0,0,0,0,0,0,0,0,0,0,0,0,0
https://www.immowelt.de/expose/29te552,2-Zimmer Etagenwohnung im beliebten Stadtteil Gromb\u00fchl,229000,EUR,54,2,1920.0,97080,WOHNUNG,ZUM_KAUF,APARTMENT,BUY,0,0,0,0,0,0,0,0,0,0,0,0,0,0,0,0,0,0,0,0,0,0,0,0,0,0,0,0,0,0,0,0,0,1,0,1,0,0,0,0,0,0,0,0,0,0,0,0,0,0,0,0,0,0,0,0,0,0,0,0,0,0,0,0,0,0,0,0,0,0,0,0,0,0,0,0,0,0,0,0,0,1
https://www.immowelt.de/expose/2ad7v5b,helle 3 Zimmer ETW nahe der Uniklinik (WE1 - vermietet),235025,EUR,56.66,3,1955.0,97080,WOHNUNG,ZUM_KAUF,APARTMENT,BUY,0,0,0,0,0,0,0,0,0,0,0,0,0,1,1,0,0,0,0,1,0,0,0,1,0,0,0,0,0,0,0,0,1,0,0,0,0,0,0,1,0,0,0,0,0,1,1,0,0,0,0,0,0,0,0,0,0,0,0,0,0,0,0,0,0,0,0,0,0,0,0,0,0,0,0,1,0,1,0,0,0,0
https://www.immowelt.de/expose/2ah5352,Ein Schmuckst\u00fcck: gro\u00dfz\u00fcgige &a; barrierefrei ETW,695000,EUR,144,3,2011.0,97084,WOHNUNG,ZUM_KAUF,APARTMENT,BUY,1,0,0,0,1,1,0,0,0,0,0,0,0,1,1,0,1,0,0,0,0,0,0,1,0,0,1,1,0,0,0,1,0,0,0,0,0,0,0,1,0,0,0,0,0,0,0,0,0,0,0,0,0,1,0,0,0,1,0,1,0,0,0,0,0,0,0,0,0,0,1,0,0,0,0,0,0,1,0,0,0,0
https://www.immowelt.de/expose/2a5xj5p,3-Zi-ETW im Herzen von Heidingsfeld mit Balkon und Garage,295000,EUR,92,3,1982.0,97084,WOHNUNG,ZUM_KAUF,APARTMENT,BUY,1,0,0,0,0,0,0,0,0,0,0,0,0,0,1,0,0,0,0,1,0,0,0,0,0,0,0,1,0,0,0,1,0,0,0,0,0,0,0,1,0,0,0,0,0,0,0,0,1,0,0,0,0,0,0,0,0,0,0,0,0,0,0,0,0,0,0,0,0,0,1,0,0,0,0,1,0,0,0,0,0,0
https://www.immowelt.de/expose/2av7z5f,Nutzen Sie die Chance! Tolle 2-Zimmer-Erdgeschoss-Wohnung im Herzen von Waldb\u00fcttelbrunn,119000,EUR,47,2,1984.0,97297,WOHNUNG,ZUM_KAUF,APARTMENT,BUY,0,0,0,0,1,0,0,0,0,0,0,0,0,0,0,0,0,0,0,0,0,0,0,0,0,0,0,0,0,0,0,0,0,0,0,0,0,0,0,0,0,0,0,0,0,0,0,0,0,0,1,0,0,0,1,0,0,0,0,0,0,0,0,0,0,0,0,0,0,0,0,0,0,0,0,0,0,0,0,0,0,1
https://www.immowelt.de/expose/29mrc5v,"Ein Traum, 4-Zimmer-ETW im Dachgeschoss in 97270 Kist",,,100,4.5,1972.0,97270,WOHNUNG,ZUM_KAUF,APARTMENT,BUY,0,0,0,0,1,0,0,0,1,0,0,0,0,0,0,0,0,0,0,0,0,0,0,0,0,0,0,0,0,0,0,0,1,0,0,1,0,0,0,1,0,0,0,0,0,0,0,0,0,0,0,0,0,0,1,0,0,0,0,0,0,0,0,0,0,0,0,0,0,0,1,0,0,0,0,0,0,0,0,0,0,1
https://www.immowelt.de/expose/2amwj5p,Gehobener Wohntraum: Charmante 3-Zimmer-Wohnung mit Garten und 2 Garagenstellpl\u00e4tze,299000,EUR,73.28,3,1994.0,97209,WOHNUNG,ZUM_KAUF,APARTMENT,BUY,0,0,0,0,1,0,0,0,0,0,0,0,0,1,1,0,0,0,0,0,0,0,0,0,0,0,0,0,0,1,0,1,0,0,0,0,0,0,0,1,0,0,0,0,0,0,0,0,0,0,0,0,0,1,0,0,0,0,0,0,0,0,0,0,0,0,0,0,0,0,0,0,0,1,0,0,0,0,0,0,0,1
https://www.immowelt.de/expose/2ahpv5p,"## Barrierefrei##  Sch\u00f6ne 5,5-Zimmer-ETW im Erdgeschoss in 97270 Kist",249990,EUR,135,5.5,1972.0,97270,WOHNUNG,ZUM_KAUF,APARTMENT,BUY,0,0,0,0,0,0,0,0,1,0,0,0,0,0,0,0,0,0,0,0,0,0,0,0,0,0,0,0,1,0,0,0,1,1,0,1,0,0,0,1,0,0,0,0,0,0,0,0,0,0,0,0,0,0,1,0,0,0,0,0,0,0,0,0,0,0,0,0,0,0,0,0,0,1,0,1,0,0,0,0,0,1
https://www.immowelt.de/expose/2a6lv5p,"Ein Traum, 4-Zimmer-ETW im Dachgeschoss in 97270 Kist",184990,EUR,100,4.5,1972.0,97270,WOHNUNG,ZUM_KAUF,APARTMENT,BUY,0,0,0,0,1,0,0,0,1,0,0,0,0,0,0,0,0,0,0,0,0,0,0,0,0,0,0,0,0,0,0,0,1,0,0,1,0,0,0,1,0,0,0,0,0,0,0,0,0,0,0,0,0,0,1,0,0,0,0,0,0,0,0,0,0,0,0,0,0,0,1,0,0,0,0,0,0,0,0,0,0,1
https://www.immowelt.de/expose/288es5w,Renditestarkes Apartment mit Stellplatz zur Kapitalanlage,102000,EUR,26.08,1,1979.0,97078,WOHNUNG,ZUM_KAUF,APARTMENT,BUY,0,0,0,0,1,0,0,0,0,0,0,0,0,1,1,0,0,0,0,0,0,0,0,0,0,0,0,0,0,0,0,1,1,0,0,0,0,0,0,1,0,0,0,0,0,0,1,0,0,0,0,0,0,0,0,0,0,0,0,1,0,0,0,0,0,0,0,0,0,0,0,0,0,0,0,1,0,0,0,0,0,1
https://www.immowelt.de/expose/2a4v75m,Im Weinort Veitsh\u00f6chheim!,188000,EUR,65,2,1974.0,97209,WOHNUNG,ZUM_KAUF,APARTMENT,BUY,0,0,0,0,1,0,0,0,0,0,0,0,0,1,1,0,0,0,0,1,0,0,0,1,0,0,0,0,0,1,1,1,0,0,1,0,0,0,0,1,0,0,0,0,0,0,0,0,0,0,0,0,0,0,0,0,0,1,0,1,0,0,0,0,0,0,0,0,0,0,0,0,0,0,0,1,0,0,0,0,0,0
https://www.immowelt.de/expose/292er5m,"Einziehen und Wohlf\u00fchlen! 2,5-Zimmer-Wohnung",220000,EUR,83.14,2.5,1991.0,97078,WOHNUNG,ZUM_KAUF,APARTMENT,BUY,0,0,0,0,0,0,0,0,0,0,0,0,0,0,1,0,0,0,0,0,1,0,0,0,0,0,0,1,0,0,0,1,0,0,0,0,0,0,1,1,0,0,0,0,0,0,0,0,0,0,0,0,0,0,0,0,0,0,0,1,1,0,1,0,0,0,0,0,0,0,0,0,0,0,0,0,0,1,0,0,0,1
https://www.immowelt.de/expose/2a9cq5n,Nur die Sonne \u00fcber Ihnen!,699900,EUR,148,5,2019.0,97222,WOHNUNG,ZUM_KAUF,APARTMENT,BUY,0,0,0,0,0,0,1,0,0,0,0,0,0,1,0,0,0,0,0,0,1,0,0,0,0,0,0,1,0,1,0,0,1,0,0,0,0,0,0,0,0,0,0,0,0,0,0,0,0,0,1,0,0,0,0,1,0,0,0,1,0,0,0,0,0,0,0,0,0,0,0,0,0,1,1,0,0,1,0,0,0,0
https://www.immowelt.de/expose/2aybd5q,VERMIETEN oder SELBST BEZIEHEN?,195000,EUR,56,2,1991.0,97078,WOHNUNG,ZUM_KAUF,APARTMENT,BUY,0,0,0,0,1,0,0,0,0,0,0,0,0,0,1,0,0,0,0,0,0,0,0,1,0,0,0,0,0,0,0,1,1,0,1,0,0,0,0,1,0,0,0,0,0,0,0,0,1,0,0,0,0,0,0,1,0,0,0,0,0,0,0,0,0,0,0,0,0,0,1,0,1,0,0,1,0,1,0,0,0,1
https://www.immowelt.de/expose/29tmc5v,"Sch\u00f6ne 5,5-Zimmer-ETW im Erdgeschoss in 97270 Kist",,,135,5.5,1972.0,97270,WOHNUNG,ZUM_KAUF,APARTMENT,BUY,0,0,0,0,0,0,0,0,1,0,0,0,0,0,0,0,0,0,0,0,0,0,0,0,0,0,0,0,1,0,0,0,1,1,0,1,0,0,0,1,0,0,0,0,0,0,0,0,0,0,0,0,0,0,1,0,0,0,0,0,0,0,0,0,0,0,0,0,0,0,0,0,0,1,0,1,0,0,0,0,0,1
https://www.immowelt.de/expose/2aemc5l,Helle 2 Zimmer-Wohnung mit Blick \u00fcber W\u00fcrzburg und TG-STellplatz!,120000,EUR,58.5,2,1977.0,97076,WOHNUNG,ZUM_KAUF,APARTMENT,BUY,0,0,0,0,1,0,0,0,0,0,0,0,0,0,0,0,0,0,0,0,0,0,0,0,0,0,0,0,0,0,0,0,0,0,0,1,0,0,0,1,0,0,0,0,0,0,0,0,0,0,0,0,0,0,1,0,0,0,0,1,0,0,0,0,0,0,0,0,0,0,0,0,0,0,1,0,0,0,0,0,0,1
https://www.immowelt.de/expose/28tca5v,Attraktive Eigentumswohnung mit 3 Zimmern - 2 Balkone &a; TG Stellplatz,285000,EUR,87,3,1973.0,97084,WOHNUNG,ZUM_KAUF,APARTMENT,BUY,0,0,0,0,1,0,0,0,0,0,0,0,0,0,1,0,1,0,0,0,0,0,0,1,0,0,0,1,0,0,0,1,0,0,0,1,0,0,0,1,0,0,0,0,0,0,1,0,0,0,1,0,0,0,0,0,0,0,0,0,0,0,0,0,0,0,0,0,0,0,0,0,0,0,0,0,0,1,0,0,0,1
https://www.immowelt.de/expose/2a52b5f,PROVISIONSFREI Top Wohnung,456500,EUR,88,3,2016.0,97076,WOHNUNG,ZUM_KAUF,APARTMENT,BUY,0,0,0,0,1,1,0,0,0,0,0,0,0,0,1,0,0,0,0,0,0,0,0,1,0,0,1,0,0,0,0,0,0,0,0,0,0,0,0,1,0,0,0,0,0,0,0,0,0,0,0,0,0,1,0,0,0,1,1,1,1,0,0,0,0,0,0,0,0,0,1,0,0,0,1,0,0,1,0,0,0,0
https://www.immowelt.de/expose/2aafv5l,Dachterrasse mit 4 Zimmern gew\u00fcnscht?,385000,EUR,145,4,1969.0,97076,WOHNUNG,ZUM_KAUF,APARTMENT,BUY,1,0,0,0,0,0,0,0,0,0,0,0,0,1,0,0,0,0,0,0,1,0,0,1,0,0,0,1,0,0,0,0,0,0,0,0,0,0,0,0,0,0,0,0,0,0,0,0,0,0,0,0,0,0,1,0,0,0,0,0,0,0,0,1,0,0,0,0,0,0,0,0,1,1,0,0,0,1,0,0,0,1
https://www.immowelt.de/expose/29av55g,Praktische 2-Zimmer-Eigentumswohnung mit Balkon und Loggia  in 97080 W\u00fcrzburg,235000,EUR,66.47,2,1975.0,97080,WOHNUNG,ZUM_KAUF,APARTMENT,BUY,0,0,0,0,0,0,0,0,0,0,0,0,0,1,0,0,0,0,0,0,0,0,0,1,0,0,0,0,0,0,0,1,0,0,0,0,0,0,0,0,0,0,0,0,0,0,0,0,0,0,0,0,0,0,0,0,0,0,0,0,0,0,0,0,0,0,0,0,0,0,0,0,0,0,0,0,0,0,0,0,0,1
https://www.immowelt.de/expose/2al3h5q,Grundbuch statt Sparbuch: vermietete 2-Zi-Whg,179000,EUR,58,2,1974.0,97076,WOHNUNG,ZUM_KAUF,APARTMENT,BUY,0,0,0,0,1,0,0,0,0,0,0,0,0,0,0,0,0,0,0,0,0,0,0,0,0,0,0,0,0,0,0,0,0,0,0,0,0,0,0,1,0,0,0,0,0,0,0,0,0,0,0,0,0,0,1,0,0,0,0,0,0,0,0,0,0,0,0,0,0,0,1,0,0,0,0,1,0,1,0,0,0,1
https://www.immowelt.de/expose/28jyp5v,2-Zimmer-Wohnung mit 72 m\u00b2 Wfl. in der 1. Etage,179900,EUR,72,2,,97078,WOHNUNG,ZUM_KAUF,APARTMENT,BUY,0,0,0,0,1,0,0,0,0,0,0,0,0,0,1,0,0,0,0,0,0,0,0,0,0,0,0,0,0,0,0,0,0,0,0,0,0,0,0,0,0,0,0,0,0,0,0,0,0,0,0,0,0,0,0,0,0,0,0,0,1,0,1,0,0,0,0,0,0,0,0,0,0,0,0,0,0,0,0,0,0,1
https://www.immowelt.de/expose/28jw45e,Einzigartiges Loft f\u00fcr Individualisten mit Ausbaumitsprache nach Kfw 70 EEG Standard,995000,EUR,190,2,1938.0,97078,WOHNUNG,ZUM_KAUF,APARTMENT,BUY,0,0,0,0,1,0,0,0,0,0,0,1,0,1,0,0,0,0,1,0,1,0,1,0,0,1,1,1,1,1,0,0,0,0,0,0,1,0,0,0,0,0,1,0,0,1,0,0,0,1,0,0,0,0,0,1,0,0,0,0,0,0,0,0,0,0,0,0,0,0,0,0,0,1,0,0,0,1,0,0,0,1
https://www.immowelt.de/expose/2adk85p,M\u00f6bliertes Apartment mit attraktiver Rendite,199000,EUR,42.4,1,1977.0,97076,WOHNUNG,ZUM_KAUF,APARTMENT,BUY,0,0,0,0,0,0,0,0,0,0,0,0,0,0,1,0,0,0,0,0,0,0,0,0,0,0,0,0,0,0,0,1,1,0,0,0,0,0,0,1,0,0,0,0,0,0,0,0,0,0,0,0,0,0,0,0,0,0,0,1,0,0,0,0,0,0,0,0,0,0,0,0,0,0,0,0,0,0,0,0,0,1
https://www.immowelt.de/expose/29vv35b,\Mainhattan\ - Loft am Bachlauf in gr\u00fcner Wohlf\u00fchloase f\u00fcr Individualisten mit Ausbaumitsprache nach Kfw 70 EEG Standard,1350000,EUR,270,5,1938.0,97078,WOHNUNG,ZUM_KAUF,APARTMENT,BUY,0,0,0,1,1,0,0,0,0,0,0,0,0,1,0,0,0,0,1,0,1,0,0,0,0,1,1,0,1,1,0,0,0,0,0,0,0,0,0,0,0,0,1,0,0,1,0,0,0,1,0,0,0,0,0,0,0,0,0,0,0,0,1,0,0,0,0,0,0,1,0,0,0,1,0,0,0,1,0,0,0,1
https://www.immowelt.de/expose/2acmr5j,Appartement mit Balkon und Tiefgaragenstellplatz,84000,EUR,27,1,1994.0,97076,WOHNUNG,ZUM_KAUF,APARTMENT,BUY,0,0,0,0,1,0,0,0,0,0,0,0,0,0,0,0,0,0,0,0,0,0,0,0,0,0,0,0,0,0,0,0,0,0,0,0,0,0,0,0,0,0,0,0,0,0,0,0,0,0,0,0,0,0,0,0,0,0,0,0,0,0,0,0,0,0,0,0,0,0,0,0,0,0,0,0,0,0,0,0,0,0
https://www.immowelt.de/expose/268au5t,3-Zimmer-Eigentumswohnung in W\u00fcrzburg/Versbach  mit Terrasse und Gartenanteil,359000,EUR,121.6,3,1961.0,97078,WOHNUNG,ZUM_KAUF,APARTMENT,BUY,0,0,0,0,0,0,0,0,0,0,0,0,0,1,1,0,0,0,0,0,0,0,1,1,0,0,0,0,1,0,1,1,1,0,1,0,0,0,0,1,0,0,0,0,0,0,1,0,0,0,0,0,0,0,0,0,0,1,0,0,0,0,0,0,0,0,0,0,0,0,0,0,0,1,0,0,0,1,0,0,1,1
https://www.immowelt.de/expose/2ahsx56,Hier k\u00f6nnen Sie sofort einziehen,329000,EUR,84,3,1974.0,97078,WOHNUNG,ZUM_KAUF,APARTMENT,BUY,0,0,0,0,1,0,0,0,0,0,0,0,0,0,1,0,0,0,0,0,0,0,0,1,0,0,0,0,0,0,0,1,0,0,0,0,0,0,0,1,0,0,0,0,0,0,1,0,0,0,0,0,0,0,0,0,0,0,0,0,0,0,0,0,0,0,0,0,0,0,0,0,0,0,0,0,0,1,0,0,0,1
https://www.immowelt.de/expose/2azxr55,"4 Zi. Wohnung mit Terrasse, hier wurde kr\u00e4ftig saniert",245000,EUR,92,,1955.0,97078,WOHNUNG,ZUM_KAUF,APARTMENT,BUY,1,0,0,0,0,0,0,0,1,0,0,0,0,1,0,0,0,0,0,0,1,0,0,0,0,0,0,0,0,0,0,1,0,0,1,0,0,0,0,0,0,0,0,0,0,1,0,0,0,0,0,0,0,0,0,0,0,0,0,0,1,0,0,0,0,0,0,0,0,0,1,0,0,0,0,1,0,1,0,0,0,1
https://www.immowelt.de/expose/2akbc56,Raumwunder! Sonniges Apartment mit Einbauk\u00fcche,123000,EUR,35,1,1993.0,97084,WOHNUNG,ZUM_KAUF,APARTMENT,BUY,0,0,0,0,0,0,0,0,0,0,0,0,1,1,1,0,0,0,0,0,0,1,0,0,0,0,0,0,0,0,0,0,1,0,0,0,0,0,0,1,0,0,0,0,0,0,1,0,0,0,0,0,0,0,0,1,0,0,0,0,0,1,0,0,0,0,0,0,0,0,0,0,0,0,1,1,1,0,1,0,0,0
https://www.immowelt.de/expose/2apfz5j,NEUBAU \Wohnen wie im eigenen Haus\ 97078 W\u00fcrzburg - Versbach,544303,EUR,89,4,2024.0,97078,WOHNUNG,ZUM_KAUF,APARTMENT,BUY,0,0,0,0,0,0,0,0,0,0,0,0,0,0,0,0,0,0,0,0,0,0,0,0,0,0,0,0,0,0,0,0,0,0,0,0,0,0,0,0,0,0,0,0,0,0,0,0,0,0,0,0,0,0,0,0,0,0,0,0,1,0,0,0,0,0,0,0,0,0,0,0,0,0,0,0,0,0,0,0,0,0
https://www.immowelt.de/expose/2a89w55,Ried 67.3 - PERFEKT,782000,EUR,134.96,4,,97230,WOHNUNG,ZUM_KAUF,APARTMENT,BUY,0,0,0,0,0,0,0,0,0,0,0,0,0,0,0,0,0,1,0,0,0,0,0,0,0,0,1,1,0,0,0,0,0,0,0,0,0,0,0,1,0,0,0,0,0,0,0,0,0,1,0,0,0,0,0,0,0,0,0,1,1,0,0,0,0,0,0,0,0,0,0,0,0,1,0,0,0,0,0,0,0,0
https://www.immowelt.de/expose/2942k5w,Dem Himmel ein St\u00fcck n\u00e4her,285000,EUR,98,3,1974.0,97209,WOHNUNG,ZUM_KAUF,APARTMENT,BUY,1,0,0,0,1,0,0,0,0,0,0,0,0,1,1,0,0,0,0,0,1,0,0,1,0,0,0,1,0,0,0,1,0,0,0,0,0,0,0,1,0,0,0,0,0,0,0,0,0,0,0,0,0,0,0,0,0,0,0,1,0,0,0,0,0,0,0,0,0,0,0,0,1,0,0,0,0,1,0,0,0,1
https://www.immowelt.de/expose/2ad2s55,"Hier wurde kr\u00e4ftig Saniert, 6 Zi. Wohnung \u00fcber 2 Ebenen",315000,EUR,126,,1955.0,97078,WOHNUNG,ZUM_KAUF,APARTMENT,BUY,1,0,0,0,0,0,0,0,1,0,0,0,0,1,0,0,0,0,0,0,1,0,0,0,0,0,0,0,0,0,0,1,0,0,1,0,0,0,0,0,0,0,0,0,0,1,0,0,0,0,0,0,0,0,0,0,0,0,0,0,1,0,0,0,0,0,0,0,0,0,1,0,0,0,0,1,0,1,0,0,0,1
https://www.immowelt.de/expose/2a5445c,Ried 67.10 - VOLLENDET,885000,EUR,145.25,4,,97230,WOHNUNG,ZUM_KAUF,APARTMENT,BUY,0,0,0,0,0,0,0,0,1,0,0,0,0,0,0,0,0,1,0,0,0,0,0,0,0,0,1,1,0,0,0,0,0,0,0,0,0,0,0,1,0,0,0,0,0,0,0,0,0,1,0,0,0,0,0,0,0,0,0,1,1,0,0,0,0,0,0,0,0,0,0,0,0,1,0,0,0,0,0,0,0,0
https://www.immowelt.de/expose/2a64j5h,Maisonette-Wohnung in Zell am Main Lebensqualit\u00e4t pur!,299000,EUR,108,4,1965.0,97299,WOHNUNG,ZUM_KAUF,APARTMENT,BUY,1,0,0,0,0,0,0,0,0,0,0,0,0,1,1,0,0,0,0,1,1,0,0,1,0,0,0,0,0,1,0,1,0,0,0,0,0,0,0,1,0,0,0,0,0,0,1,0,1,0,0,0,0,0,0,0,0,0,0,0,0,0,0,0,0,0,0,0,0,0,0,0,0,0,0,0,0,1,0,0,0,0
https://www.immowelt.de/expose/28wa25e,1 Zimmerwohnung in Zell,124000,EUR,32,1,,97299,WOHNUNG,ZUM_KAUF,APARTMENT,BUY,0,0,0,0,1,0,0,0,0,0,0,0,0,0,0,0,0,0,0,0,0,0,0,0,0,0,0,0,0,0,0,0,0,0,0,0,0,0,0,0,0,0,0,0,0,0,0,0,0,0,0,0,0,0,0,0,0,0,0,0,0,0,0,0,0,0,0,0,0,0,0,0,0,0,0,0,0,0,0,0,0,0
https://www.immowelt.de/expose/29ufz5j,Eigentumswohnung in Rottendorf Gepflegte 2-Zimmer Wohnung inklusive Mieter!,175000,EUR,70,2,1972.0,97228,WOHNUNG,ZUM_KAUF,APARTMENT,BUY,1,0,0,0,0,0,0,0,0,0,0,0,0,0,1,0,0,0,0,0,0,0,0,0,0,0,0,0,0,0,0,0,1,0,0,0,0,0,0,1,0,0,0,0,0,0,0,0,1,0,0,0,0,0,1,0,0,0,0,1,0,0,0,0,0,0,0,0,0,0,0,0,0,0,0,1,0,1,0,0,0,1
https://www.immowelt.de/expose/2a84q56,Charmant unterm Dach!,172000,EUR,45,2,1942.0,97299,WOHNUNG,ZUM_KAUF,APARTMENT,BUY,0,0,0,0,0,0,0,0,1,0,0,0,0,0,1,0,0,0,0,1,0,0,0,0,0,0,0,0,0,0,0,1,0,0,0,0,0,0,0,1,0,0,0,0,0,0,0,0,0,0,0,0,0,0,0,0,0,0,0,0,0,0,1,0,0,0,0,0,0,0,0,0,0,0,0,0,0,0,0,0,0,0
https://www.immowelt.de/expose/2aze45h,Top Eigentumswohnung in Estenfeld,250000,EUR,98.7,3,1981.0,97230,WOHNUNG,ZUM_KAUF,APARTMENT,BUY,0,0,0,0,1,1,0,0,0,0,0,0,1,0,1,0,0,0,0,0,1,0,0,1,0,1,0,1,0,0,0,0,1,0,1,0,0,0,0,1,0,0,0,0,0,0,0,0,0,0,0,0,0,0,1,0,0,1,0,1,0,0,0,0,1,0,0,0,0,0,0,0,0,0,0,0,0,1,0,0,0,1
https://www.immowelt.de/expose/2alqk5a,3-Zimmerwohnung mit Garten in Margetsh\u00f6chheim,269000,EUR,73.9,3,1970.0,97276,WOHNUNG,ZUM_KAUF,APARTMENT,BUY,0,0,0,0,0,0,0,0,0,0,0,0,0,0,1,0,1,0,0,0,1,0,0,1,0,1,0,0,0,1,0,0,0,0,0,0,0,0,0,1,0,0,0,0,0,1,1,0,0,0,0,0,0,0,1,0,0,0,0,0,0,0,0,0,0,0,0,0,0,0,1,0,0,1,0,0,0,1,0,0,0,1
https://www.immowelt.de/expose/2at995d,2-Zimmer-Wohnung als Kapitalanlage,167000,EUR,63,2,1996.0,97297,WOHNUNG,ZUM_KAUF,APARTMENT,BUY,1,0,0,0,0,0,0,0,1,0,0,0,1,1,1,0,0,0,0,0,1,0,0,1,0,0,0,0,0,0,0,0,1,0,0,0,0,0,0,1,0,0,0,0,0,1,1,0,0,0,0,0,0,0,1,0,0,0,0,0,0,0,0,0,0,0,0,0,0,0,0,0,0,0,0,1,0,0,0,0,0,1
https://www.immowelt.de/expose/2asrx5c,Highlight ganz oben!,349000,EUR,71.23,2,2019.0,97209,WOHNUNG,ZUM_KAUF,APARTMENT,BUY,0,0,0,0,0,0,0,0,0,0,0,0,0,0,1,0,0,0,0,0,0,0,0,0,0,0,0,0,0,0,0,0,0,0,0,0,0,0,0,0,0,0,0,0,0,0,0,0,0,0,0,0,0,1,0,0,0,0,0,0,0,0,0,0,0,0,0,0,0,0,0,0,0,1,0,0,0,0,0,0,0,0
https://www.immowelt.de/expose/2adph5n,Helle Eigentumswohnung im Erdgeschoss in Zell am Main bei W\u00fcrzburg!,95500,EUR,31.1,1,1997.0,97299,WOHNUNG,ZUM_KAUF,APARTMENT,BUY,1,0,0,0,0,0,0,0,0,0,0,0,0,1,1,0,1,0,0,0,0,0,0,0,0,0,0,0,0,0,0,1,1,0,0,0,0,0,0,0,0,0,0,0,0,0,0,0,0,0,0,0,1,0,0,0,0,0,0,0,0,0,0,0,0,0,0,0,0,0,0,0,0,0,0,0,0,0,0,0,0,1
https://www.immowelt.de/expose/2ar4559,"Eigentumswohnung, ca. 49 qm, direkt vom Hersteller WOLF-Haus",353986,EUR,49,3,,97276,WOHNUNG,ZUM_KAUF,APARTMENT,BUY,1,0,0,0,1,1,0,0,0,0,1,0,0,1,0,0,0,0,0,0,1,0,0,1,0,0,1,1,0,1,1,0,0,1,0,0,0,0,1,0,0,0,0,0,1,1,0,0,0,1,0,0,1,0,0,0,0,1,0,1,1,0,0,0,0,1,0,0,1,0,1,0,0,1,0,0,0,0,0,0,0,0
https://www.immowelt.de/expose/2a8gn5q,Ger\u00e4umige 4-Zimmerwohnung mit S\u00fcdbalkon und Garage,240000,EUR,97.22,4,1991.0,97228,WOHNUNG,ZUM_KAUF,APARTMENT,BUY,0,0,0,0,1,0,0,0,0,0,0,0,0,1,0,0,0,0,0,0,0,0,0,0,0,0,0,1,1,0,0,1,1,0,0,0,0,0,0,0,0,0,0,0,0,0,0,0,0,0,0,0,0,0,0,0,0,0,0,0,0,0,0,0,0,0,0,0,0,0,0,0,0,0,0,1,0,1,0,0,0,1
https://www.immowelt.de/expose/2a42q5g,Helle sch\u00f6ne gut geschnittene 75qm ETW Behindertengerechte Wohnung mit Stellplatz,289000,EUR,75,3,2010.0,97084,WOHNUNG,ZUM_KAUF,APARTMENT,BUY,0,0,0,0,1,0,0,0,0,0,0,0,0,0,0,0,1,0,0,0,0,1,0,0,0,0,0,0,0,0,0,0,0,0,0,1,0,0,0,0,0,0,0,0,0,0,0,0,0,0,0,0,0,1,0,0,0,0,0,1,0,0,0,0,0,0,0,0,0,0,1,0,0,0,0,0,0,0,0,0,0,0
https://www.immowelt.de/expose/2as2559,"Eigentumswohnung, ca. 76 qm, direkt vom Hersteller WOLF-Haus",541039,EUR,76,3,,97276,WOHNUNG,ZUM_KAUF,APARTMENT,BUY,1,0,0,0,1,1,0,0,0,0,1,0,0,1,0,0,0,0,0,0,1,0,0,1,0,0,1,1,0,1,1,0,0,1,0,0,0,0,1,0,0,0,0,0,1,1,0,0,0,1,0,0,1,0,0,0,0,1,0,1,1,0,0,0,0,1,0,0,1,0,1,0,0,1,0,0,0,0,0,0,0,0
https://www.immowelt.de/expose/28bd354,Fern von Stress und Hektik,310000,EUR,87,4,,97084,WOHNUNG,ZUM_KAUF,APARTMENT,BUY,0,0,1,0,1,0,0,0,1,0,0,0,0,0,1,0,0,0,0,0,1,0,0,1,0,0,0,0,0,0,0,1,1,0,0,1,0,1,0,1,0,0,0,0,0,0,1,0,0,0,1,0,0,0,0,0,0,0,0,0,0,0,0,0,0,0,0,0,0,0,0,0,0,0,0,0,0,0,0,0,0,1
https://www.immowelt.de/expose/2a76559,"Eigentumswohnung, ca. 66 qm, direkt vom Hersteller WOLF-Haus",474635,EUR,66,3,,97276,WOHNUNG,ZUM_KAUF,APARTMENT,BUY,1,0,0,0,1,1,0,0,0,0,1,0,0,1,0,0,0,0,0,0,1,0,0,1,0,0,1,1,0,1,1,0,0,1,0,0,0,0,1,0,0,0,0,0,1,1,0,0,0,1,0,0,1,0,0,0,0,1,0,1,1,0,0,0,0,1,0,0,1,0,1,0,0,1,0,0,0,0,0,0,0,0
https://www.immowelt.de/expose/2aqsx56,Ausgezeichnete Kapitalanlage-  au\u00dfergew\u00f6hnliche Eigentumswohnung -,630000,EUR,120,3,2016.0,97246,WOHNUNG,ZUM_KAUF,APARTMENT,BUY,0,0,0,0,0,0,0,0,0,0,1,0,0,1,1,0,0,0,0,0,1,0,0,0,0,0,1,0,0,0,0,0,1,0,0,1,0,0,0,1,0,0,0,0,0,0,0,0,0,0,0,0,0,0,0,0,0,0,0,1,0,0,0,0,0,0,0,0,0,0,0,0,0,1,0,1,0,0,0,0,0,1
